bill_id,tag_id,created_at
f99726bf-6235-451b-afdb-c7614a925bf1,fb8a3b16-e2d1-4a3b-ab60-e9109d2e597d,2019-12-02T00:00:00.000Z
4aa68ee2-2ab3-4cd5-bb0f-04edcc0b0752,fb8a3b16-e2d1-4a3b-ab60-e9109d2e597d,2019-12-02T00:00:00.000Z
7d606282-e3c1-45a4-9cc6-f07a079dd25c,fb8a3b16-e2d1-4a3b-ab60-e9109d2e597d,2019-12-02T00:00:00.000Z
e15e1fb8-8c57-4f94-a8ba-a43a1b8bf7ee,fb8a3b16-e2d1-4a3b-ab60-e9109d2e597d,2019-12-19T00:00:00.000Z
7ff6e738-5c0e-45b5-a83a-a05b471f0694,fb8a3b16-e2d1-4a3b-ab60-e9109d2e597d,2019-12-19T00:00:00.000Z
3e56a0be-5c5c-448d-8965-69fe1543d2b0,a1630525-d7eb-48a5-b012-7983e85c1eac,2019-12-02T00:00:00.000Z
53e43dad-7ba6-49f1-8e9b-d07d8f9904a4,a1630525-d7eb-48a5-b012-7983e85c1eac,2019-12-02T00:00:00.000Z
c4308c6f-93f4-4971-88d9-39fda6ae9ecc,a1630525-d7eb-48a5-b012-7983e85c1eac,2019-12-19T00:00:00.000Z
e81490e0-77e9-48ac-9c93-7bdaf56da4dd,a1630525-d7eb-48a5-b012-7983e85c1eac,2019-12-19T00:00:00.000Z
0e1c9826-f955-4c7f-91e5-cb41c7b3bd64,d1b1820a-c7f6-4b80-a3de-f34556bd43ce,2019-12-19T00:00:00.000Z
a913a864-f745-4ff8-b17e-b89ba6cfb704,a053f7c8-d517-4d23-99fb-06f2c579bf7d,2019-12-19T00:00:00.000Z
31e5e242-5a53-4e9a-b09a-879ad9b86645,8b684210-d164-40a0-b1d9-2634b4a124a0,2019-12-19T00:00:00.000Z
b3ce8300-a618-4d64-8bb0-86537830f066,8b684210-d164-40a0-b1d9-2634b4a124a0,2019-12-19T00:00:00.000Z
649bf231-dd3d-44d4-b75b-08aca3f5081e,21d85284-201e-4c1a-8c40-03f6daeb3f48,2021-02-19T00:00:00.000Z
49a0f74e-0042-4f61-8e09-1b625ef85c7e,fb8a3b16-e2d1-4a3b-ab60-e9109d2e597d,2021-03-04T00:00:00.000Z
abeedac1-8c99-45e5-8e86-dbea9f9f93ea,fb8a3b16-e2d1-4a3b-ab60-e9109d2e597d,2021-03-04T00:00:00.000Z
517ee4b9-2dcb-4724-9ae3-2f48a281efb1,fb8a3b16-e2d1-4a3b-ab60-e9109d2e597d,2021-03-04T00:00:00.000Z
0a1b1160-2e50-410a-8249-61a22edc2601,fb8a3b16-e2d1-4a3b-ab60-e9109d2e597d,2021-03-04T00:00:00.000Z
133a8556-273a-4178-a3c2-422005c5eb6a,fb8a3b16-e2d1-4a3b-ab60-e9109d2e597d,2021-03-04T00:00:00.000Z
39b7141e-7819-4f83-9fc3-bada83261795,fb8a3b16-e2d1-4a3b-ab60-e9109d2e597d,2021-03-18T00:00:00.000Z
d40f6abc-6542-477d-9dba-b845d101e581,fb8a3b16-e2d1-4a3b-ab60-e9109d2e597d,2021-03-18T00:00:00.000Z
c3fd0ceb-41ec-4bfa-a715-6c8b2e18b7af,fb8a3b16-e2d1-4a3b-ab60-e9109d2e597d,2021-03-18T00:00:00.000Z
06162c7e-3e6e-4617-93f9-bc8d288dfef3,fb8a3b16-e2d1-4a3b-ab60-e9109d2e597d,2021-03-18T00:00:00.000Z
5462b3a8-f940-4e6b-adad-4450a36c3387,fb8a3b16-e2d1-4a3b-ab60-e9109d2e597d,2021-03-18T00:00:00.000Z
b07ce5a5-45c4-4d09-a9ef-12aed3522211,fb8a3b16-e2d1-4a3b-ab60-e9109d2e597d,2021-03-18T00:00:00.000Z
71f9b27f-778f-47a9-944c-0a3d1a78d583,fb8a3b16-e2d1-4a3b-ab60-e9109d2e597d,2021-03-18T00:00:00.000Z
a37ccb9f-44d3-445a-a638-705a477d2c1b,a1630525-d7eb-48a5-b012-7983e85c1eac,2021-03-18T00:00:00.000Z
bd9cd0a0-3961-475f-b5b9-c9a866e0c7a1,a1630525-d7eb-48a5-b012-7983e85c1eac,2021-03-18T00:00:00.000Z
2c611267-2ffe-41b8-a5bc-646fca5c809c,a1630525-d7eb-48a5-b012-7983e85c1eac,2021-03-18T00:00:00.000Z
efc5712a-4903-4e0d-a9ee-c76abb960045,a1630525-d7eb-48a5-b012-7983e85c1eac,2021-03-18T00:00:00.000Z
f7c29b6e-f91d-48ec-8040-5b4c4405e154,a1630525-d7eb-48a5-b012-7983e85c1eac,2021-03-18T00:00:00.000Z
509477d7-a75e-48e3-b2a5-802f5572faba,a1630525-d7eb-48a5-b012-7983e85c1eac,2021-03-18T00:00:00.000Z
8c4447b4-37ac-4d37-9054-0a2fd128b5ab,93a0ecff-9c3d-4fa7-b768-abe2405b08b1,2021-03-18T00:00:00.000Z
dd941bd8-e385-4bca-a333-80dee560250d,171d639c-6928-49ee-b790-0f2d0fd59992,2021-03-18T00:00:00.000Z
bbf24b9e-bbef-4f3f-8ea5-54975e9ab521,a053f7c8-d517-4d23-99fb-06f2c579bf7d,2021-03-18T00:00:00.000Z
ac0bdeef-9590-49d9-8d4e-39b62528ca89,a053f7c8-d517-4d23-99fb-06f2c579bf7d,2021-03-18T00:00:00.000Z
a57d1de5-b2f4-49f2-a578-0039fa624870,fb8a3b16-e2d1-4a3b-ab60-e9109d2e597d,2021-03-18T00:00:00.000Z
e0818105-8c46-44ee-8781-4f89c84170be,a1630525-d7eb-48a5-b012-7983e85c1eac,2021-03-18T00:00:00.000Z
58b0896e-efa3-4d86-aee8-f053cc8a7670,ab1c2a78-87c1-4358-88bd-4fc2bf9462aa,2021-03-18T00:00:00.000Z
5a83d216-a618-4a90-b0b4-70419616cb37,171d639c-6928-49ee-b790-0f2d0fd59992,2021-03-18T00:00:00.000Z
034bc3ad-88ea-4a77-ba43-b2d16adcf60f,171d639c-6928-49ee-b790-0f2d0fd59992,2021-03-18T00:00:00.000Z
b29c6310-5293-4475-a65f-355e0e36ca63,171d639c-6928-49ee-b790-0f2d0fd59992,2021-03-18T00:00:00.000Z
8a29ae98-cd8a-4025-81ef-020800a17a5f,fb8a3b16-e2d1-4a3b-ab60-e9109d2e597d,2021-03-18T00:00:00.000Z
2e46d65c-deea-470d-aee1-3c8a8bb5e026,a053f7c8-d517-4d23-99fb-06f2c579bf7d,2021-03-18T00:00:00.000Z
6ea41914-5cc9-403a-b64c-62b1b85aafcc,8b684210-d164-40a0-b1d9-2634b4a124a0,2021-03-18T00:00:00.000Z
9dee26bb-f887-45b1-8b0d-ee8eeec78a45,3bbe8807-0f68-4d7b-9895-f34db7d41576,2021-03-18T00:00:00.000Z
fa957fcd-30dc-4930-bbe8-eae04cfbd143,21d85284-201e-4c1a-8c40-03f6daeb3f48,2021-04-14T00:00:00.000Z
1949a556-5a23-4503-aa07-5ff16f7e3f63,fb8a3b16-e2d1-4a3b-ab60-e9109d2e597d,2021-04-20T00:00:00.000Z
714bdf1b-0453-4adf-afdd-e9336ce5c642,ab1c2a78-87c1-4358-88bd-4fc2bf9462aa,2021-04-20T00:00:00.000Z
27495d0d-e13a-47e1-abd7-a440caad68f6,fb8a3b16-e2d1-4a3b-ab60-e9109d2e597d,2021-07-01T00:00:00.000Z
adf33d52-73c9-43d6-85b0-f113d0b3af51,a1630525-d7eb-48a5-b012-7983e85c1eac,2021-07-01T00:00:00.000Z
7fe51332-5b8c-448e-a1ea-260c619dda26,a1630525-d7eb-48a5-b012-7983e85c1eac,2021-07-01T00:00:00.000Z
801289c9-7513-40ca-83d3-57163c5bde8a,a1630525-d7eb-48a5-b012-7983e85c1eac,2021-07-01T00:00:00.000Z
5d5b0df6-9ff9-420d-8b9c-a739e255b51a,a1630525-d7eb-48a5-b012-7983e85c1eac,2021-07-01T00:00:00.000Z
f2b538c0-3664-42ef-8e6a-5b3b7733dbb1,a1630525-d7eb-48a5-b012-7983e85c1eac,2021-07-01T00:00:00.000Z
b22bec66-d733-403c-98a9-bf694af5c972,ab1c2a78-87c1-4358-88bd-4fc2bf9462aa,2021-07-01T00:00:00.000Z
57b5c0e8-336d-4b07-ac16-f05b1babc6b1,a053f7c8-d517-4d23-99fb-06f2c579bf7d,2021-07-01T00:00:00.000Z
c8e31b25-98f0-4cdf-8f28-98c7e6827e8a,fb8a3b16-e2d1-4a3b-ab60-e9109d2e597d,2021-07-01T00:00:00.000Z
080d7555-749d-4a66-9542-edc8b3b493fc,93a0ecff-9c3d-4fa7-b768-abe2405b08b1,2021-07-01T00:00:00.000Z
f414a6cd-af0e-45b3-81d2-0eeaaafb99c7,8b684210-d164-40a0-b1d9-2634b4a124a0,2021-07-01T00:00:00.000Z
0b7d1f91-1ca6-4431-ac0e-30169426e32b,8b684210-d164-40a0-b1d9-2634b4a124a0,2021-07-01T00:00:00.000Z
c0f230f4-cea0-4842-94f8-1a0ad1ee3f2f,8b684210-d164-40a0-b1d9-2634b4a124a0,2021-07-01T00:00:00.000Z
ad30971d-3a02-4386-82d8-322385cbbdb6,21d85284-201e-4c1a-8c40-03f6daeb3f48,2021-09-06T00:00:00.000Z
6ea64825-f723-475a-ac13-84f235cd3677,fb8a3b16-e2d1-4a3b-ab60-e9109d2e597d,2021-09-27T00:00:00.000Z
1afcaf1b-0348-47e3-9f73-939e548e6a86,fb8a3b16-e2d1-4a3b-ab60-e9109d2e597d,2021-09-27T00:00:00.000Z
65880d68-50e4-445d-ad64-e56d11b64e46,fb8a3b16-e2d1-4a3b-ab60-e9109d2e597d,2021-09-27T00:00:00.000Z
0fc21bd8-d74e-4618-8786-270edc2b661a,fb8a3b16-e2d1-4a3b-ab60-e9109d2e597d,2021-09-27T00:00:00.000Z
8480b401-9457-4117-bbbe-a62c5e32f683,a1630525-d7eb-48a5-b012-7983e85c1eac,2021-09-27T00:00:00.000Z
cb9c382a-ee2e-4bfb-a647-d27ca6a6eb23,a1630525-d7eb-48a5-b012-7983e85c1eac,2021-09-27T00:00:00.000Z
f74a4d0d-e415-4baa-97a2-c7463dd05c7e,a1630525-d7eb-48a5-b012-7983e85c1eac,2021-09-27T00:00:00.000Z
21d49b0d-1839-4753-8290-0313a0a77dd0,d1b1820a-c7f6-4b80-a3de-f34556bd43ce,2021-09-27T00:00:00.000Z
9848d5af-e7be-4f1e-8f0e-77bfb6f57f66,93a0ecff-9c3d-4fa7-b768-abe2405b08b1,2021-09-27T00:00:00.000Z
96e3b1a7-dab9-4851-86b9-b375e9899686,93a0ecff-9c3d-4fa7-b768-abe2405b08b1,2021-09-27T00:00:00.000Z
f8f08ea9-5b9b-46c4-a31d-d8fd36a3d80b,a053f7c8-d517-4d23-99fb-06f2c579bf7d,2021-09-27T00:00:00.000Z
8f78e1c3-86d3-4bef-9a84-50671179a16a,a053f7c8-d517-4d23-99fb-06f2c579bf7d,2021-09-27T00:00:00.000Z
114cd8cf-66a3-44c9-9ecc-c6aa82a30a23,a053f7c8-d517-4d23-99fb-06f2c579bf7d,2021-09-27T00:00:00.000Z
af102beb-3bd8-4a8a-bb4b-e8c0163329ab,171d639c-6928-49ee-b790-0f2d0fd59992,2021-09-27T00:00:00.000Z
34a49cbd-026f-4167-bbdf-e9df8e4b5d81,171d639c-6928-49ee-b790-0f2d0fd59992,2021-09-27T00:00:00.000Z
28db69e0-71bd-4df9-a522-a4257efe46f6,171d639c-6928-49ee-b790-0f2d0fd59992,2021-09-27T00:00:00.000Z
5baf706c-0bf3-4773-a656-4ee97aa4b7d4,a053f7c8-d517-4d23-99fb-06f2c579bf7d,2021-09-27T00:00:00.000Z
22c49344-4b4c-4761-a6ab-ac512c2f68a6,93a0ecff-9c3d-4fa7-b768-abe2405b08b1,2021-09-27T00:00:00.000Z
4a789500-3884-47d8-9a77-bca725911878,a1630525-d7eb-48a5-b012-7983e85c1eac,2021-09-27T00:00:00.000Z
e8479f1f-abce-45af-a7fa-665b0a0dacca,fb8a3b16-e2d1-4a3b-ab60-e9109d2e597d,2021-10-08T00:00:00.000Z
0860684e-b0fd-4650-83cf-1bdb68d9b7e6,32a32ffe-452e-4696-a7ff-20a99e17a8fa,2021-10-08T00:00:00.000Z
efa3ab55-0769-436d-b433-cb43f5092bf5,32a32ffe-452e-4696-a7ff-20a99e17a8fa,2021-10-08T00:00:00.000Z
af6f8b21-50ab-45fa-9a06-afb895a46271,32a32ffe-452e-4696-a7ff-20a99e17a8fa,2021-10-08T00:00:00.000Z
d9db7103-f627-42de-a94c-f611237d3071,32a32ffe-452e-4696-a7ff-20a99e17a8fa,2021-10-08T00:00:00.000Z
bcd367f5-d888-480c-ba68-16a8ee51f66a,32a32ffe-452e-4696-a7ff-20a99e17a8fa,2021-10-08T00:00:00.000Z
ddcfb13f-95dd-452a-af3f-22e6a04190cb,32a32ffe-452e-4696-a7ff-20a99e17a8fa,2021-10-08T00:00:00.000Z
fc087c71-fcc5-4672-8fcc-f4e458c2e8a7,32a32ffe-452e-4696-a7ff-20a99e17a8fa,2021-10-08T00:00:00.000Z
7934cb23-9d94-4761-90eb-38d73ecab47e,8b684210-d164-40a0-b1d9-2634b4a124a0,2021-10-08T00:00:00.000Z
687ace9c-b1a0-43e7-8887-2d2f9a080b61,fb8a3b16-e2d1-4a3b-ab60-e9109d2e597d,2021-11-30T00:00:00.000Z
d0b97a2b-eeb2-4887-84b6-84aed5b13c1d,fb8a3b16-e2d1-4a3b-ab60-e9109d2e597d,2021-11-30T00:00:00.000Z
f35b08c4-2b77-4635-8200-8a5a18de3f67,93a0ecff-9c3d-4fa7-b768-abe2405b08b1,2021-11-30T00:00:00.000Z
bdd0484c-b327-4067-9458-3e9824e80cc0,b9f49065-c556-49c0-ac51-a28cf33dbced,2021-11-30T00:00:00.000Z
99ffe0cf-e2b3-4664-88f9-9af74179b3a5,b9f49065-c556-49c0-ac51-a28cf33dbced,2021-11-30T00:00:00.000Z
ad509700-d594-4b38-8b43-47dc147972fe,b9f49065-c556-49c0-ac51-a28cf33dbced,2021-11-30T00:00:00.000Z
836c3a8a-c6f4-4034-b2e1-49e7fff298cc,b9f49065-c556-49c0-ac51-a28cf33dbced,2021-11-30T00:00:00.000Z
a0108ec1-61e3-4909-ae19-a97a2d7ff1ad,fb8a3b16-e2d1-4a3b-ab60-e9109d2e597d,2021-12-16T00:00:00.000Z
ee511fd2-abdd-4199-a61c-5c36c4a2bd4e,fb8a3b16-e2d1-4a3b-ab60-e9109d2e597d,2021-12-16T00:00:00.000Z
e83d244b-2e6d-402c-b14f-ca59159e3ad8,fb8a3b16-e2d1-4a3b-ab60-e9109d2e597d,2021-12-16T00:00:00.000Z
2f1b50ce-1e95-44d3-846a-e08ddbf64d01,a1630525-d7eb-48a5-b012-7983e85c1eac,2021-12-16T00:00:00.000Z
83fca017-0acc-4763-8c2f-8ed27e0095d5,a1630525-d7eb-48a5-b012-7983e85c1eac,2021-12-16T00:00:00.000Z
26a6a56a-cf04-4674-9cc8-17256b60cd8e,93a0ecff-9c3d-4fa7-b768-abe2405b08b1,2021-12-16T00:00:00.000Z
b8c22efe-90a7-4a94-9dc5-91b5cd8fe5f5,93a0ecff-9c3d-4fa7-b768-abe2405b08b1,2021-12-16T00:00:00.000Z
59a7014e-d8c9-422e-ac8f-d233505c3122,93a0ecff-9c3d-4fa7-b768-abe2405b08b1,2021-12-16T00:00:00.000Z
88797f0e-d23f-4425-b927-c0f0d6ba25ef,93a0ecff-9c3d-4fa7-b768-abe2405b08b1,2021-12-16T00:00:00.000Z
f8284441-cf41-4941-aab1-661a8159ab3a,93a0ecff-9c3d-4fa7-b768-abe2405b08b1,2021-12-16T00:00:00.000Z
fdbd3ffe-7e4b-4ae3-85f9-9a5208f3eaee,93a0ecff-9c3d-4fa7-b768-abe2405b08b1,2021-12-16T00:00:00.000Z
1f335130-e8dd-4b1d-8148-90d5ecc44bcd,93a0ecff-9c3d-4fa7-b768-abe2405b08b1,2021-12-16T00:00:00.000Z
7f3e0c15-7f97-40c5-bfc0-32dda76d55b5,93a0ecff-9c3d-4fa7-b768-abe2405b08b1,2021-12-16T00:00:00.000Z
f76e7629-e598-422a-a26b-215945eafabe,ab1c2a78-87c1-4358-88bd-4fc2bf9462aa,2021-12-16T00:00:00.000Z
e9279e27-28ca-4b18-a338-0b6739445a5b,93a0ecff-9c3d-4fa7-b768-abe2405b08b1,2021-12-16T00:00:00.000Z
56ddf21c-afc5-4abb-8e3d-7d89b3070a83,93a0ecff-9c3d-4fa7-b768-abe2405b08b1,2021-12-16T00:00:00.000Z
36ed4556-2e9c-472a-9158-e6bc3b883ec8,a053f7c8-d517-4d23-99fb-06f2c579bf7d,2021-12-16T00:00:00.000Z
fa3f11cd-d7d3-4d39-b3f5-aaf21956a288,fb8a3b16-e2d1-4a3b-ab60-e9109d2e597d,2021-12-16T00:00:00.000Z
7ac93dd1-93df-40e7-822a-1e13ef116009,fb8a3b16-e2d1-4a3b-ab60-e9109d2e597d,2021-12-16T00:00:00.000Z
37760e6f-79d0-4fc2-98ed-ce1b4af83fce,21d85284-201e-4c1a-8c40-03f6daeb3f48,2022-02-24T00:00:00.000Z
935c9ad6-18f4-4598-9331-0997403d29bd,fb8a3b16-e2d1-4a3b-ab60-e9109d2e597d,2022-03-08T00:00:00.000Z
2f5d0d9d-8ff5-4b81-b887-e977d885b94e,fb8a3b16-e2d1-4a3b-ab60-e9109d2e597d,2022-03-08T00:00:00.000Z
74273325-c185-4c47-871f-efeea83598ad,fb8a3b16-e2d1-4a3b-ab60-e9109d2e597d,2022-03-08T00:00:00.000Z
79105cc3-ef39-4720-85da-a4e301f07b65,fb8a3b16-e2d1-4a3b-ab60-e9109d2e597d,2022-03-08T00:00:00.000Z
b914aea7-9f5d-445b-b776-c0172fe79305,fb8a3b16-e2d1-4a3b-ab60-e9109d2e597d,2022-03-08T00:00:00.000Z
a1547cd0-b73b-4145-ab89-f20ab04d962a,b9f49065-c556-49c0-ac51-a28cf33dbced,2022-03-09T00:00:00.000Z
5a4baf55-ef18-4895-86db-96afb4226f6f,fb8a3b16-e2d1-4a3b-ab60-e9109d2e597d,2022-03-24T00:00:00.000Z
294bf8b6-5ef9-44a7-8f07-c2e85b20578f,fb8a3b16-e2d1-4a3b-ab60-e9109d2e597d,2022-03-24T00:00:00.000Z
f820af58-fc1c-4659-8363-e796e6914759,fb8a3b16-e2d1-4a3b-ab60-e9109d2e597d,2022-03-24T00:00:00.000Z
afe9ce22-06e1-4dbf-896e-14c3a34934da,fb8a3b16-e2d1-4a3b-ab60-e9109d2e597d,2022-03-24T00:00:00.000Z
393b0eca-be5d-4bd4-ba20-3ca0c565d543,fb8a3b16-e2d1-4a3b-ab60-e9109d2e597d,2022-03-24T00:00:00.000Z
77dbbc1c-5307-42f8-96d0-22f5e2297d2f,fb8a3b16-e2d1-4a3b-ab60-e9109d2e597d,2022-03-24T00:00:00.000Z
78fa230a-77df-4ba3-a429-0249f1d89066,fb8a3b16-e2d1-4a3b-ab60-e9109d2e597d,2022-03-24T00:00:00.000Z
14698ccc-d910-4dd8-a026-2c44c8846532,a1630525-d7eb-48a5-b012-7983e85c1eac,2022-03-24T00:00:00.000Z
20367386-8c2a-4dc2-b020-0ed93e9ecfbd,a1630525-d7eb-48a5-b012-7983e85c1eac,2022-03-24T00:00:00.000Z
f0823fd3-7041-4e2a-9ed2-60b57875850a,a1630525-d7eb-48a5-b012-7983e85c1eac,2022-03-24T00:00:00.000Z
c63068ff-c3c0-4d2b-8416-f03228388658,a1630525-d7eb-48a5-b012-7983e85c1eac,2022-03-24T00:00:00.000Z
236464cd-fee3-4b0a-bbe6-147697680e97,a1630525-d7eb-48a5-b012-7983e85c1eac,2022-03-24T00:00:00.000Z
5bb8314d-f405-4131-9d6c-187760640f89,a1630525-d7eb-48a5-b012-7983e85c1eac,2022-03-24T00:00:00.000Z
dc0f4812-67bd-4e94-a9aa-dfdac21904eb,a1630525-d7eb-48a5-b012-7983e85c1eac,2022-03-24T00:00:00.000Z
8bf37909-2873-4c7e-9680-3e4ad499ae59,a1630525-d7eb-48a5-b012-7983e85c1eac,2022-03-24T00:00:00.000Z
b5a2bbaf-f4ac-4ff7-b974-d783769f06c7,a1630525-d7eb-48a5-b012-7983e85c1eac,2022-03-24T00:00:00.000Z
95cbc202-cc0a-4bcc-bd7f-b257ea07921d,a1630525-d7eb-48a5-b012-7983e85c1eac,2022-03-24T00:00:00.000Z
d8a5b9b3-050a-439e-9bac-c1d1bc06abd8,a1630525-d7eb-48a5-b012-7983e85c1eac,2022-03-24T00:00:00.000Z
f357df76-4551-41e5-bb11-5154eabd78c4,93a0ecff-9c3d-4fa7-b768-abe2405b08b1,2022-03-24T00:00:00.000Z
0e84b2b9-1be8-490e-8437-f5f9f2558d14,93a0ecff-9c3d-4fa7-b768-abe2405b08b1,2022-03-24T00:00:00.000Z
cf263171-813b-4628-a5a6-518cbdcce6df,a1630525-d7eb-48a5-b012-7983e85c1eac,2022-03-24T00:00:00.000Z
e87d5f6a-3a40-48f3-bbf0-55a22b15a0e0,8b684210-d164-40a0-b1d9-2634b4a124a0,2022-03-24T00:00:00.000Z
2ff87e29-0e71-4aaf-9370-0b9817351f46,8b684210-d164-40a0-b1d9-2634b4a124a0,2022-03-24T00:00:00.000Z
04b059fd-42c3-4de0-b1ff-507c8604440f,3bbe8807-0f68-4d7b-9895-f34db7d41576,2022-03-24T00:00:00.000Z
2a38517e-e72d-4799-9df8-98aaca9e50ea,3bbe8807-0f68-4d7b-9895-f34db7d41576,2022-03-24T00:00:00.000Z
ec2d57f3-a802-4403-9b1c-2ef4232f1b11,21d85284-201e-4c1a-8c40-03f6daeb3f48,2022-06-14T00:00:00.000Z
380ce4a5-5337-47b4-be9c-c8dd093dcc53,21d85284-201e-4c1a-8c40-03f6daeb3f48,2022-06-14T00:00:00.000Z
ea61522c-289c-4bde-905f-8e218197e07f,21d85284-201e-4c1a-8c40-03f6daeb3f48,2022-06-14T00:00:00.000Z
daf64e63-e8c7-472a-a441-719eb0c6d186,fb8a3b16-e2d1-4a3b-ab60-e9109d2e597d,2022-06-14T00:00:00.000Z
2aa876aa-47e6-4a40-bc48-29b17aef2d4b,fb8a3b16-e2d1-4a3b-ab60-e9109d2e597d,2022-06-30T00:00:00.000Z
451f0913-2501-4921-a06e-53ec5fdea71f,a1630525-d7eb-48a5-b012-7983e85c1eac,2022-06-30T00:00:00.000Z
dae0c1e0-4bec-48a6-8058-94a0fb81f9ef,a1630525-d7eb-48a5-b012-7983e85c1eac,2022-06-30T00:00:00.000Z
c216997c-4935-433c-b11b-0e94c2b32e5d,a1630525-d7eb-48a5-b012-7983e85c1eac,2022-06-30T00:00:00.000Z
2184eb24-73fa-49b1-b1f4-a8a443b91bca,3163c4bd-9f0b-46f4-88dd-240a87cdc77f,2022-06-30T00:00:00.000Z
cfdb4c40-f723-4de6-b6e5-1e1cfc3a0ed0,ab1c2a78-87c1-4358-88bd-4fc2bf9462aa,2022-06-30T00:00:00.000Z
ef4424b8-ef0b-44d3-8315-5408d65030cf,93a0ecff-9c3d-4fa7-b768-abe2405b08b1,2022-06-30T00:00:00.000Z
b779e24f-db3b-490d-816c-8b86920c72c5,171d639c-6928-49ee-b790-0f2d0fd59992,2022-06-30T00:00:00.000Z
17d706f7-c426-4ea0-b08d-e7358a7c4fb7,171d639c-6928-49ee-b790-0f2d0fd59992,2022-06-30T00:00:00.000Z
26d6c6c9-faf0-426c-9109-3f7cb774a724,171d639c-6928-49ee-b790-0f2d0fd59992,2022-06-30T00:00:00.000Z
e489bf19-a523-4324-b871-280316939d70,171d639c-6928-49ee-b790-0f2d0fd59992,2022-06-30T00:00:00.000Z
a2c7549a-810d-420d-8647-84fe578d09a9,a053f7c8-d517-4d23-99fb-06f2c579bf7d,2022-06-30T00:00:00.000Z
c0fd168f-44cb-4015-a5f3-052f05c65b0a,fb8a3b16-e2d1-4a3b-ab60-e9109d2e597d,2022-06-30T00:00:00.000Z
78b2df22-d87f-415d-a872-ebd90af374ac,b9f49065-c556-49c0-ac51-a28cf33dbced,2022-06-30T00:00:00.000Z
3cc40427-c024-470e-b5f4-477a37e5aa1a,21d85284-201e-4c1a-8c40-03f6daeb3f48,2022-09-05T00:00:00.000Z
80f986cc-f8a3-4e10-bbf6-ee61ede492d3,21d85284-201e-4c1a-8c40-03f6daeb3f48,2022-09-05T00:00:00.000Z
73bccf68-2eb2-4655-bac3-c9483009d884,a1630525-d7eb-48a5-b012-7983e85c1eac,2022-09-09T00:00:00.000Z
1d63ea28-0500-4120-9375-f0dfa383674c,fb8a3b16-e2d1-4a3b-ab60-e9109d2e597d,2022-09-26T00:00:00.000Z
1ed68f42-5361-4968-b39b-10abc07f97e4,fb8a3b16-e2d1-4a3b-ab60-e9109d2e597d,2022-09-26T00:00:00.000Z
b22d11b8-f5ca-40b8-a8c3-d1c6b1535141,fb8a3b16-e2d1-4a3b-ab60-e9109d2e597d,2022-09-26T00:00:00.000Z
b485c30a-096b-4717-9c05-b17d265bcf16,a1630525-d7eb-48a5-b012-7983e85c1eac,2022-09-26T00:00:00.000Z
4b3282f5-0ac1-493a-8e6d-ca7011048fa1,a1630525-d7eb-48a5-b012-7983e85c1eac,2022-09-26T00:00:00.000Z
49a85097-b4f0-47c2-a210-2321bdd65927,a1630525-d7eb-48a5-b012-7983e85c1eac,2022-09-26T00:00:00.000Z
4e8dc2ec-1957-4fff-8c2f-58546736c5ec,a1630525-d7eb-48a5-b012-7983e85c1eac,2022-09-26T00:00:00.000Z
c3cc1db9-471f-4881-aa07-cb1e0f5fae47,a053f7c8-d517-4d23-99fb-06f2c579bf7d,2022-09-26T00:00:00.000Z
1106f018-c139-455f-b22d-317cbf1ffffe,a053f7c8-d517-4d23-99fb-06f2c579bf7d,2022-09-26T00:00:00.000Z
81d48645-e3d8-4506-81f6-b9f9234d6ed1,a053f7c8-d517-4d23-99fb-06f2c579bf7d,2022-09-26T00:00:00.000Z
c5998f60-5303-46f1-9ee5-36670cb7c6d4,a053f7c8-d517-4d23-99fb-06f2c579bf7d,2022-09-26T00:00:00.000Z
47091c0b-1d75-44ee-8000-3876e9ac2635,a053f7c8-d517-4d23-99fb-06f2c579bf7d,2022-09-26T00:00:00.000Z
eb98fb09-3fec-4c70-8e59-9d1d75129723,a053f7c8-d517-4d23-99fb-06f2c579bf7d,2022-09-26T00:00:00.000Z
10b72df9-fdcd-41be-8689-801d90f5f944,fb8a3b16-e2d1-4a3b-ab60-e9109d2e597d,2022-10-07T00:00:00.000Z
dd43706d-7070-450a-85fa-df8a5d13c984,fb8a3b16-e2d1-4a3b-ab60-e9109d2e597d,2022-10-07T00:00:00.000Z
2f455d67-1ee7-48f8-8b7b-6c20fe79a0e0,32a32ffe-452e-4696-a7ff-20a99e17a8fa,2022-10-07T00:00:00.000Z
1444e7e8-dbbd-418f-8642-2624aec06d39,32a32ffe-452e-4696-a7ff-20a99e17a8fa,2022-10-07T00:00:00.000Z
3f3efe39-af25-47a5-8674-5222f092646d,32a32ffe-452e-4696-a7ff-20a99e17a8fa,2022-10-07T00:00:00.000Z
9095b9a1-aff2-419c-905f-47f5f76d8951,32a32ffe-452e-4696-a7ff-20a99e17a8fa,2022-10-07T00:00:00.000Z
9b0534e1-e4d8-41f6-9d35-4dfb7a7df13a,32a32ffe-452e-4696-a7ff-20a99e17a8fa,2022-10-07T00:00:00.000Z
d503cb6e-5ac2-494d-a339-0867aec45382,32a32ffe-452e-4696-a7ff-20a99e17a8fa,2022-10-07T00:00:00.000Z
fd716bd9-c0ab-481e-82d4-5a7c48fa0831,32a32ffe-452e-4696-a7ff-20a99e17a8fa,2022-10-07T00:00:00.000Z
8ad3f680-2804-4d75-9b08-e11cf81a3fec,8b684210-d164-40a0-b1d9-2634b4a124a0,2022-10-07T00:00:00.000Z
e9aef485-2ffe-472a-bae6-58c1c8ea2b8d,8b684210-d164-40a0-b1d9-2634b4a124a0,2022-10-07T00:00:00.000Z
85b8c8ef-a17c-4649-a57e-74f6c227020b,21d85284-201e-4c1a-8c40-03f6daeb3f48,2022-12-02T00:00:00.000Z
47a05507-cf12-4df2-b6e9-5956ec4a7216,a1630525-d7eb-48a5-b012-7983e85c1eac,2022-12-02T00:00:00.000Z
3b1b2856-9c06-40e7-9941-6894d9977e01,a1630525-d7eb-48a5-b012-7983e85c1eac,2022-12-02T00:00:00.000Z
499559a2-b67b-415a-a0f2-e91c4cbdd23e,fb8a3b16-e2d1-4a3b-ab60-e9109d2e597d,2022-12-02T00:00:00.000Z
9f5b5580-f4ff-429b-9b66-dbc2332d7c0b,fb8a3b16-e2d1-4a3b-ab60-e9109d2e597d,2022-12-02T00:00:00.000Z
655441b0-c545-4652-a126-ec3989121692,fb8a3b16-e2d1-4a3b-ab60-e9109d2e597d,2022-12-02T00:00:00.000Z
7852825e-8382-449d-8314-227f2555c389,a1630525-d7eb-48a5-b012-7983e85c1eac,2022-12-20T00:00:00.000Z
c039b199-5b77-409e-afd4-55cb71d65afe,a1630525-d7eb-48a5-b012-7983e85c1eac,2022-12-20T00:00:00.000Z
1feb199a-af03-4cb0-b8d0-2f662239cdb3,a1630525-d7eb-48a5-b012-7983e85c1eac,2022-12-20T00:00:00.000Z
2859f5b1-a5e2-4d36-b72a-758e9264eab7,a1630525-d7eb-48a5-b012-7983e85c1eac,2022-12-20T00:00:00.000Z
0510c974-0a44-43e8-b40f-a26eadd39b33,fb8a3b16-e2d1-4a3b-ab60-e9109d2e597d,2022-12-20T00:00:00.000Z
07329f0a-c8c4-4a09-907f-cb463d2135e2,fb8a3b16-e2d1-4a3b-ab60-e9109d2e597d,2022-12-20T00:00:00.000Z
4d584886-5205-44ed-8098-fccaf2d4edd1,fb8a3b16-e2d1-4a3b-ab60-e9109d2e597d,2022-12-20T00:00:00.000Z
12974870-2ab7-405e-b22c-da672919dbcc,ab1c2a78-87c1-4358-88bd-4fc2bf9462aa,2022-12-20T00:00:00.000Z
0c72db0e-e31a-4445-9c71-308110d652c9,93a0ecff-9c3d-4fa7-b768-abe2405b08b1,2022-12-20T00:00:00.000Z
95538da3-8eef-4edc-a409-741c3016650b,93a0ecff-9c3d-4fa7-b768-abe2405b08b1,2022-12-20T00:00:00.000Z
77cf941b-c725-415c-aacb-62564c357384,a1630525-d7eb-48a5-b012-7983e85c1eac,2022-12-20T00:00:00.000Z
57bcb8cf-9a75-407a-bc99-e0d017fae215,8b684210-d164-40a0-b1d9-2634b4a124a0,2022-12-20T00:00:00.000Z
dd8d0614-2388-4fe8-b8c5-21186005de40,b9f49065-c556-49c0-ac51-a28cf33dbced,2022-12-20T00:00:00.000Z
eb77c1b0-cc45-41d0-b5af-67753fe7d245,21d85284-201e-4c1a-8c40-03f6daeb3f48,2023-02-16T00:00:00.000Z
b1dc6d02-d6fe-4a11-80ab-97741e3f9966,93a0ecff-9c3d-4fa7-b768-abe2405b08b1,2023-02-16T00:00:00.000Z
e5e9f38c-9b9e-4771-823e-59b4c713ee86,fb8a3b16-e2d1-4a3b-ab60-e9109d2e597d,2023-03-01T00:00:00.000Z
fe0b3a75-d932-4a65-85a8-898998cfc3bd,fb8a3b16-e2d1-4a3b-ab60-e9109d2e597d,2023-03-01T00:00:00.000Z
b51fc6be-5a3f-48d3-9ad0-248502561eaa,fb8a3b16-e2d1-4a3b-ab60-e9109d2e597d,2023-03-01T00:00:00.000Z
fa2b71fa-ed4d-4926-bba8-b1f959e2e62f,fb8a3b16-e2d1-4a3b-ab60-e9109d2e597d,2023-03-01T00:00:00.000Z
e02687e3-f86f-4e06-b2b2-7afbbe756160,fb8a3b16-e2d1-4a3b-ab60-e9109d2e597d,2023-03-15T00:00:00.000Z
981ba4cc-9884-4284-b599-8cda132ca9c8,fb8a3b16-e2d1-4a3b-ab60-e9109d2e597d,2023-03-15T00:00:00.000Z
a61b6e15-7087-4f8c-a47c-8f4af4163484,fb8a3b16-e2d1-4a3b-ab60-e9109d2e597d,2023-03-15T00:00:00.000Z
40c3b925-f378-4bed-a892-6719438d9f66,fb8a3b16-e2d1-4a3b-ab60-e9109d2e597d,2023-03-15T00:00:00.000Z
a55316a1-0ac6-44b3-8dde-890a1707fcfc,fb8a3b16-e2d1-4a3b-ab60-e9109d2e597d,2023-03-15T00:00:00.000Z
583f30cf-ff2b-4e67-acf4-8cf834572174,fb8a3b16-e2d1-4a3b-ab60-e9109d2e597d,2023-03-15T00:00:00.000Z
7dd0f40c-7cfc-4678-a929-f42fd908b2ef,a1630525-d7eb-48a5-b012-7983e85c1eac,2023-03-15T00:00:00.000Z
a0279ef8-9b20-47d3-9b9d-7ec142798d23,a1630525-d7eb-48a5-b012-7983e85c1eac,2023-03-15T00:00:00.000Z
ad3cd86f-9b44-4ff2-846d-c97e31e49899,a1630525-d7eb-48a5-b012-7983e85c1eac,2023-03-15T00:00:00.000Z
05539dc2-9b1a-4b28-aab5-a925ca98826c,a1630525-d7eb-48a5-b012-7983e85c1eac,2023-03-15T00:00:00.000Z
e4e724b5-cc9d-409a-ac25-70d5df1f8a3d,a1630525-d7eb-48a5-b012-7983e85c1eac,2023-03-15T00:00:00.000Z
6ccd13c6-2440-43bc-b0dd-9ab1d189fb02,a1630525-d7eb-48a5-b012-7983e85c1eac,2023-03-15T00:00:00.000Z
16b9c4b1-cda6-4099-bd60-a0a5a9cfab7f,a1630525-d7eb-48a5-b012-7983e85c1eac,2023-03-15T00:00:00.000Z
c387b860-07f9-4fe5-9498-563682c80fda,a1630525-d7eb-48a5-b012-7983e85c1eac,2023-03-15T00:00:00.000Z
ac2bc1d5-b951-4412-a6a9-f90474bffc5c,a1630525-d7eb-48a5-b012-7983e85c1eac,2023-03-15T00:00:00.000Z
0f750ca4-840a-47d0-9a6c-49da0561f413,a1630525-d7eb-48a5-b012-7983e85c1eac,2023-03-15T00:00:00.000Z
dcc3f496-39de-421e-829c-7d21e8aef774,a1630525-d7eb-48a5-b012-7983e85c1eac,2023-03-15T00:00:00.000Z
c5db4cfd-40ec-445e-8649-8dc27e712bbc,a1630525-d7eb-48a5-b012-7983e85c1eac,2023-03-15T00:00:00.000Z
703caa39-dc63-4356-92de-50fef445fe85,ab1c2a78-87c1-4358-88bd-4fc2bf9462aa,2023-03-15T00:00:00.000Z
e5daf1cc-b522-45f6-9908-d63afe984b64,93a0ecff-9c3d-4fa7-b768-abe2405b08b1,2023-03-15T00:00:00.000Z
ee9aaad2-6437-401a-bb1c-aa928518b499,93a0ecff-9c3d-4fa7-b768-abe2405b08b1,2023-03-15T00:00:00.000Z
3746a9d0-759a-45c4-acaf-803ea74c4102,a053f7c8-d517-4d23-99fb-06f2c579bf7d,2023-03-15T00:00:00.000Z
265d537b-06f1-441d-9628-4edf104f7fed,a053f7c8-d517-4d23-99fb-06f2c579bf7d,2023-03-15T00:00:00.000Z
efe9c883-ab7a-4913-a025-99cb9dcc9d5a,a1630525-d7eb-48a5-b012-7983e85c1eac,2023-03-15T00:00:00.000Z
c3f3f8f2-275a-4d63-befb-369795d0a01b,a1630525-d7eb-48a5-b012-7983e85c1eac,2023-03-15T00:00:00.000Z
71fa1e98-de48-4926-abbe-f5ef63dc0593,171d639c-6928-49ee-b790-0f2d0fd59992,2023-03-15T00:00:00.000Z
16972d78-ad81-4fed-8e98-26198b77330e,171d639c-6928-49ee-b790-0f2d0fd59992,2023-03-15T00:00:00.000Z
aae9ab61-5993-4567-8d71-809bdf059cab,a053f7c8-d517-4d23-99fb-06f2c579bf7d,2023-03-15T00:00:00.000Z
fed989ce-e016-4b2c-84a0-024bb6fbb0bb,a1630525-d7eb-48a5-b012-7983e85c1eac,2023-03-15T00:00:00.000Z
eac387c3-f79c-4df9-b005-71a3ce50f477,8b684210-d164-40a0-b1d9-2634b4a124a0,2023-03-15T00:00:00.000Z
61b6b7c8-5571-472a-9a76-4d741486aaf8,8b684210-d164-40a0-b1d9-2634b4a124a0,2023-03-15T00:00:00.000Z
0e98314f-63cb-41f9-8132-4bafa2c3c806,fb8a3b16-e2d1-4a3b-ab60-e9109d2e597d,2023-07-05T00:00:00.000Z
8c69876b-16ae-407e-a240-f651277b9f73,fb8a3b16-e2d1-4a3b-ab60-e9109d2e597d,2023-07-05T00:00:00.000Z
ae8c31f7-114c-49b3-a3b7-1dfa1ba1ec21,fb8a3b16-e2d1-4a3b-ab60-e9109d2e597d,2023-07-05T00:00:00.000Z
26f89738-9c7a-4e91-978d-646113d6e9de,a1630525-d7eb-48a5-b012-7983e85c1eac,2023-07-05T00:00:00.000Z
8cdb420d-e320-4762-a664-53492f96d951,a1630525-d7eb-48a5-b012-7983e85c1eac,2023-07-05T00:00:00.000Z
af6a0f89-5fac-46b6-b90e-30c8ec5f1e47,93a0ecff-9c3d-4fa7-b768-abe2405b08b1,2023-07-05T00:00:00.000Z
be19617e-2634-4523-bdfe-9353aae00941,a053f7c8-d517-4d23-99fb-06f2c579bf7d,2023-07-05T00:00:00.000Z
86f2b236-137f-4db3-b409-d4c04f7f71ea,a053f7c8-d517-4d23-99fb-06f2c579bf7d,2023-07-05T00:00:00.000Z
67030656-3d22-4c29-a9c8-129af90ad855,a053f7c8-d517-4d23-99fb-06f2c579bf7d,2023-07-05T00:00:00.000Z
14368c5d-8b25-4522-a07d-ecb9b697d54b,a053f7c8-d517-4d23-99fb-06f2c579bf7d,2023-07-05T00:00:00.000Z
9c303863-9e15-4386-9642-108eeb281364,a053f7c8-d517-4d23-99fb-06f2c579bf7d,2023-07-05T00:00:00.000Z
e55b5499-3523-4620-8824-1e8bddc5d493,a053f7c8-d517-4d23-99fb-06f2c579bf7d,2023-07-05T00:00:00.000Z
70ce293e-de96-4ce5-b447-e7671731aeae,a053f7c8-d517-4d23-99fb-06f2c579bf7d,2023-07-05T00:00:00.000Z
1416d331-8658-4fe2-82d0-f5ee4f123b59,a053f7c8-d517-4d23-99fb-06f2c579bf7d,2023-07-05T00:00:00.000Z
41e1bc1f-4fe7-458e-821d-608c0126491d,a053f7c8-d517-4d23-99fb-06f2c579bf7d,2023-07-05T00:00:00.000Z
81cb7e29-daae-47ad-a667-a1b427907455,a053f7c8-d517-4d23-99fb-06f2c579bf7d,2023-07-05T00:00:00.000Z
9f32c207-9f38-4464-a566-4d8dd11e7710,a053f7c8-d517-4d23-99fb-06f2c579bf7d,2023-07-05T00:00:00.000Z
64c1e5e0-14be-4270-9a87-6a350991cc45,a053f7c8-d517-4d23-99fb-06f2c579bf7d,2023-07-05T00:00:00.000Z
c89724dd-4f4d-4f78-9856-858a2d727d77,a053f7c8-d517-4d23-99fb-06f2c579bf7d,2023-07-05T00:00:00.000Z
958f1ffb-4cbb-4a2c-8fc2-7bf752b7a2ef,a053f7c8-d517-4d23-99fb-06f2c579bf7d,2023-07-05T00:00:00.000Z
7a97c6cb-ee93-4941-bbb8-e25e6d224b11,a053f7c8-d517-4d23-99fb-06f2c579bf7d,2023-07-05T00:00:00.000Z
cdb7cbd3-978b-4209-8274-d4f937fa0a49,a053f7c8-d517-4d23-99fb-06f2c579bf7d,2023-07-05T00:00:00.000Z
523b2be5-0a58-4306-9c11-0380f53228b3,8b684210-d164-40a0-b1d9-2634b4a124a0,2023-07-05T00:00:00.000Z
6e536c35-a14f-435e-89ec-551eb6e0f961,fb8a3b16-e2d1-4a3b-ab60-e9109d2e597d,2023-07-05T00:00:00.000Z
bd0d8371-a31b-44aa-9c77-2c7fa6cd8941,fb8a3b16-e2d1-4a3b-ab60-e9109d2e597d,2023-07-05T00:00:00.000Z
a0381ec9-e712-4aaa-b29a-ae8e4f5faa49,b9f49065-c556-49c0-ac51-a28cf33dbced,2023-07-05T00:00:00.000Z
b99c8bdd-9340-4263-9758-c35168bf0cdf,fb8a3b16-e2d1-4a3b-ab60-e9109d2e597d,2023-07-12T00:00:00.000Z
2d176001-2155-4c05-a147-87efd0ccd090,fb8a3b16-e2d1-4a3b-ab60-e9109d2e597d,2023-09-22T00:00:00.000Z
f325c33b-2528-45d1-ad0d-8f8515f3e2fa,fb8a3b16-e2d1-4a3b-ab60-e9109d2e597d,2023-09-22T00:00:00.000Z
ed51a186-cac7-4006-8c96-6f4f3190a3a3,fb8a3b16-e2d1-4a3b-ab60-e9109d2e597d,2023-09-22T00:00:00.000Z
37b06cb1-8ae8-4b1a-9cc2-2979da48e156,fb8a3b16-e2d1-4a3b-ab60-e9109d2e597d,2023-09-22T00:00:00.000Z
254d1803-0e4d-40bc-aa27-dce76c657aed,fb8a3b16-e2d1-4a3b-ab60-e9109d2e597d,2023-09-22T00:00:00.000Z
7bf71107-b8a8-4f91-b275-14efd7fc9b61,a1630525-d7eb-48a5-b012-7983e85c1eac,2023-09-22T00:00:00.000Z
9c3ed12f-5735-4abd-b06e-fb5be9e61615,a1630525-d7eb-48a5-b012-7983e85c1eac,2023-09-22T00:00:00.000Z
903c2bd5-4f65-40b4-ac42-c0a32bfdce6a,a1630525-d7eb-48a5-b012-7983e85c1eac,2023-09-22T00:00:00.000Z
38022c98-22eb-4a1d-956a-767d7866359d,a1630525-d7eb-48a5-b012-7983e85c1eac,2023-09-22T00:00:00.000Z
59b5d2c1-2329-445f-9e16-59866e562f59,a1630525-d7eb-48a5-b012-7983e85c1eac,2023-09-22T00:00:00.000Z
31fa8636-edbf-4ff2-8ac3-46479f7ed854,d1b1820a-c7f6-4b80-a3de-f34556bd43ce,2023-09-22T00:00:00.000Z
5e12a65d-affc-4161-8c3f-b0efe952bf62,93a0ecff-9c3d-4fa7-b768-abe2405b08b1,2023-09-22T00:00:00.000Z
c72f0e48-37c3-4fd2-a9fa-b16ef8edf7d1,a053f7c8-d517-4d23-99fb-06f2c579bf7d,2023-09-22T00:00:00.000Z
a48fa48d-3e1e-4d6f-a670-0c1818b9c70a,a053f7c8-d517-4d23-99fb-06f2c579bf7d,2023-09-22T00:00:00.000Z
db12bfc2-aa76-41fd-ac63-2a1312a489ee,32a32ffe-452e-4696-a7ff-20a99e17a8fa,2023-10-05T00:00:00.000Z
e10d2591-fee3-40d7-b167-2d248b2d9815,32a32ffe-452e-4696-a7ff-20a99e17a8fa,2023-10-05T00:00:00.000Z
31f1212a-e531-4d7f-ac5b-c497ca60e259,32a32ffe-452e-4696-a7ff-20a99e17a8fa,2023-10-05T00:00:00.000Z
38ce8bc0-37dc-4e57-bed9-79eedc8e0db6,32a32ffe-452e-4696-a7ff-20a99e17a8fa,2023-10-05T00:00:00.000Z
6cf1d2fb-dabc-4e6c-9b01-e5a8dde925c2,32a32ffe-452e-4696-a7ff-20a99e17a8fa,2023-10-05T00:00:00.000Z
003d7819-2f29-470c-aeb8-28ea1d0fc84f,32a32ffe-452e-4696-a7ff-20a99e17a8fa,2023-10-05T00:00:00.000Z
ae31c79c-09c0-447c-98d0-206804b817e5,32a32ffe-452e-4696-a7ff-20a99e17a8fa,2023-10-05T00:00:00.000Z
92a331f7-01bd-4cc8-afe7-842eec31d28b,a1630525-d7eb-48a5-b012-7983e85c1eac,2023-10-05T00:00:00.000Z
01afb8a7-b294-4322-a547-82a4bcd17351,8b684210-d164-40a0-b1d9-2634b4a124a0,2023-10-05T00:00:00.000Z
f78cfa51-8d44-49b1-b9ff-515116e83ba9,8b684210-d164-40a0-b1d9-2634b4a124a0,2023-10-05T00:00:00.000Z
f98c6856-6fa0-41c6-ad7c-7d081a163d18,fb8a3b16-e2d1-4a3b-ab60-e9109d2e597d,2023-12-01T00:00:00.000Z
486faf4a-e051-4110-8042-4f72ec826f62,fb8a3b16-e2d1-4a3b-ab60-e9109d2e597d,2023-12-01T00:00:00.000Z
989c12b5-d634-42ec-9ada-0f524fbeec6f,a1630525-d7eb-48a5-b012-7983e85c1eac,2023-12-01T00:00:00.000Z
86084b55-9b40-44a8-9719-1a341533d293,a1630525-d7eb-48a5-b012-7983e85c1eac,2023-12-01T00:00:00.000Z
c7b57fed-21fb-4c63-8ddd-cd29ec4daa0b,b9f49065-c556-49c0-ac51-a28cf33dbced,2023-12-01T00:00:00.000Z
136d988a-af8b-40b3-a4bb-893dc235c2ba,fb8a3b16-e2d1-4a3b-ab60-e9109d2e597d,2023-12-20T00:00:00.000Z
cd3b2447-96ba-4d42-880c-4b0ea43d09e6,fb8a3b16-e2d1-4a3b-ab60-e9109d2e597d,2023-12-20T00:00:00.000Z
4ebd1ef8-58e1-4d30-b457-03e308c290d0,a1630525-d7eb-48a5-b012-7983e85c1eac,2023-12-20T00:00:00.000Z
92fc09e3-4522-4c56-bc28-0ccb010bdaed,a1630525-d7eb-48a5-b012-7983e85c1eac,2023-12-20T00:00:00.000Z
e4a383cd-eb24-4dae-9ed0-ab63835c472a,a1630525-d7eb-48a5-b012-7983e85c1eac,2023-12-20T00:00:00.000Z
ff8a61d7-2f26-4b13-9d99-6b9c6d7aaf1e,a1630525-d7eb-48a5-b012-7983e85c1eac,2023-12-20T00:00:00.000Z
e50742f7-c53c-4baa-9ffd-f172bbed5b01,ab1c2a78-87c1-4358-88bd-4fc2bf9462aa,2023-12-20T00:00:00.000Z
c2d1d02b-ba34-4207-bd93-e42d593ddcd3,ab1c2a78-87c1-4358-88bd-4fc2bf9462aa,2023-12-20T00:00:00.000Z
4fff27f5-cba8-4cd9-b670-bfac19271a6c,93a0ecff-9c3d-4fa7-b768-abe2405b08b1,2023-12-20T00:00:00.000Z
eb4944f8-afcd-4167-83d9-2e1a2c8d2f05,93a0ecff-9c3d-4fa7-b768-abe2405b08b1,2023-12-20T00:00:00.000Z
30c71fca-c6f8-4c57-809b-7e6ef2135fd6,93a0ecff-9c3d-4fa7-b768-abe2405b08b1,2023-12-20T00:00:00.000Z
b08cdbde-3c05-4c3e-bf6f-576c29fe4520,a053f7c8-d517-4d23-99fb-06f2c579bf7d,2023-12-20T00:00:00.000Z
e25266a6-e5e4-4d72-bebf-e31372f0ab1a,fb8a3b16-e2d1-4a3b-ab60-e9109d2e597d,2023-12-20T00:00:00.000Z
b5e28870-015b-46fc-aa69-4437c5f236ac,8b684210-d164-40a0-b1d9-2634b4a124a0,2023-12-20T00:00:00.000Z
61e1be1b-8aaf-4991-9df5-742e14b94265,8b684210-d164-40a0-b1d9-2634b4a124a0,2023-12-20T00:00:00.000Z
aab9d1c9-3e7f-4bfc-945c-6f82c80c1f99,93a0ecff-9c3d-4fa7-b768-abe2405b08b1,2023-12-20T00:00:00.000Z
05afde3e-9623-430e-bbfc-19375e43f96c,b9f49065-c556-49c0-ac51-a28cf33dbced,2023-12-26T00:00:00.000Z
a0189dc0-93dc-4476-903d-3cd9996defac,21d85284-201e-4c1a-8c40-03f6daeb3f48,2024-02-22T00:00:00.000Z
51441834-37e8-4073-a2f7-466bae4bc2d4,21d85284-201e-4c1a-8c40-03f6daeb3f48,2024-02-22T00:00:00.000Z
d4257ac1-3d1a-4513-a3ef-5922ffbe3689,fb8a3b16-e2d1-4a3b-ab60-e9109d2e597d,2024-02-22T00:00:00.000Z
49fd20ff-3956-4cfd-b64b-e48f0f871b3f,a1630525-d7eb-48a5-b012-7983e85c1eac,2024-02-22T00:00:00.000Z
ae93ffe1-3996-4bf7-858f-8d48ef27c8f6,93a0ecff-9c3d-4fa7-b768-abe2405b08b1,2024-02-22T00:00:00.000Z
d0eeb485-7b02-42d7-a5af-11eb6a2a0954,fb8a3b16-e2d1-4a3b-ab60-e9109d2e597d,2024-03-06T00:00:00.000Z
91ff21a8-3dce-4abe-9e66-2c980fd1cd27,fb8a3b16-e2d1-4a3b-ab60-e9109d2e597d,2024-03-06T00:00:00.000Z
b0168019-e8ad-41b8-80aa-16531e5b4eb3,fb8a3b16-e2d1-4a3b-ab60-e9109d2e597d,2024-03-06T00:00:00.000Z
a74a50ed-df2d-4e5e-9c92-e7c989726d64,fb8a3b16-e2d1-4a3b-ab60-e9109d2e597d,2024-03-06T00:00:00.000Z
bcae168a-3fc6-46bf-a4bc-37d1efc3c337,fb8a3b16-e2d1-4a3b-ab60-e9109d2e597d,2024-03-06T00:00:00.000Z
75a264f0-f2fe-4314-af1c-6ecc23e46198,a1630525-d7eb-48a5-b012-7983e85c1eac,2024-03-06T00:00:00.000Z
80326650-6768-4e56-a7aa-fed90c5bf29d,a1630525-d7eb-48a5-b012-7983e85c1eac,2024-03-06T00:00:00.000Z
8748878d-3c70-4707-8671-b1899616a50d,a1630525-d7eb-48a5-b012-7983e85c1eac,2024-03-06T00:00:00.000Z
a6b1ac77-3432-4e43-8236-09f4c4f92f68,171d639c-6928-49ee-b790-0f2d0fd59992,2024-03-06T00:00:00.000Z
40798f5a-a56a-4939-a3e8-162793897944,fb8a3b16-e2d1-4a3b-ab60-e9109d2e597d,2024-03-21T00:00:00.000Z
daf88ca2-8258-44f2-a337-ae062511d5e3,fb8a3b16-e2d1-4a3b-ab60-e9109d2e597d,2024-03-21T00:00:00.000Z
aff7ac3d-6da2-49bf-b408-5ed86b487b64,fb8a3b16-e2d1-4a3b-ab60-e9109d2e597d,2024-03-21T00:00:00.000Z
b6168e39-08fe-407c-a8de-9cfc94db277c,fb8a3b16-e2d1-4a3b-ab60-e9109d2e597d,2024-03-21T00:00:00.000Z
93c82e53-dd4b-41db-9b61-d7cca3ed2929,fb8a3b16-e2d1-4a3b-ab60-e9109d2e597d,2024-03-21T00:00:00.000Z
8b0e7a20-6703-4bff-a524-af468f97c2ce,fb8a3b16-e2d1-4a3b-ab60-e9109d2e597d,2024-03-21T00:00:00.000Z
147ac31a-c447-4c03-9434-e86ee1c31007,a1630525-d7eb-48a5-b012-7983e85c1eac,2024-03-21T00:00:00.000Z
05ead708-1e5e-4793-9c5f-155f0308b933,a1630525-d7eb-48a5-b012-7983e85c1eac,2024-03-21T00:00:00.000Z
e25fdd38-f6e2-4449-a129-3b70f14394f2,a1630525-d7eb-48a5-b012-7983e85c1eac,2024-03-21T00:00:00.000Z
b4f07d56-9223-4a1a-a647-47fb1a0dbc09,a1630525-d7eb-48a5-b012-7983e85c1eac,2024-03-21T00:00:00.000Z
d6f6e770-90df-40ea-b980-0d4508077486,a1630525-d7eb-48a5-b012-7983e85c1eac,2024-03-21T00:00:00.000Z
411e9b53-21d0-4e34-8fcb-1ceab37fc018,a1630525-d7eb-48a5-b012-7983e85c1eac,2024-03-21T00:00:00.000Z
474d4921-52a9-4e2c-b034-34ccdd032f9e,a1630525-d7eb-48a5-b012-7983e85c1eac,2024-03-21T00:00:00.000Z
04933f4b-850b-47e9-a375-3a69c7a72879,ab1c2a78-87c1-4358-88bd-4fc2bf9462aa,2024-03-21T00:00:00.000Z
4dda2146-e5bd-4b18-971d-22772c16f04c,93a0ecff-9c3d-4fa7-b768-abe2405b08b1,2024-03-21T00:00:00.000Z
e894af9a-4fa8-43d0-b136-13d100b95f6a,a053f7c8-d517-4d23-99fb-06f2c579bf7d,2024-03-21T00:00:00.000Z
d371fe6a-55c2-4eb3-b71e-78704ecf58a7,a053f7c8-d517-4d23-99fb-06f2c579bf7d,2024-03-21T00:00:00.000Z
a7ea4102-4cad-456a-ba29-af3373bff34d,a053f7c8-d517-4d23-99fb-06f2c579bf7d,2024-03-21T00:00:00.000Z
e3a3665c-2e27-4f69-beef-50fd63ea3093,a1630525-d7eb-48a5-b012-7983e85c1eac,2024-03-21T00:00:00.000Z
373de1a6-7a43-4555-931a-9ac0714a4771,a053f7c8-d517-4d23-99fb-06f2c579bf7d,2024-03-21T00:00:00.000Z
5a24fb61-7da2-494d-a468-42e1f89c1502,a1630525-d7eb-48a5-b012-7983e85c1eac,2024-03-21T00:00:00.000Z
abc36ba4-8fe2-4fc7-b7b1-81dd679aaa8e,93a0ecff-9c3d-4fa7-b768-abe2405b08b1,2024-03-21T00:00:00.000Z
0346598f-dfe1-41b5-9cc1-308bb08e9d5b,a1630525-d7eb-48a5-b012-7983e85c1eac,2024-03-21T00:00:00.000Z
148428b0-c724-48ca-9357-a788e44d3dcd,b9f49065-c556-49c0-ac51-a28cf33dbced,2024-03-21T00:00:00.000Z
38ba75a4-1aa5-43ee-a5b5-ed61bcd5d894,a1630525-d7eb-48a5-b012-7983e85c1eac,2024-03-21T00:00:00.000Z
d94e13b5-9e04-4022-90ce-d23140082b0a,21d85284-201e-4c1a-8c40-03f6daeb3f48,2024-06-17T00:00:00.000Z
81891bae-4daf-4b14-ba67-20a82f81ebb7,21d85284-201e-4c1a-8c40-03f6daeb3f48,2024-06-17T00:00:00.000Z
08f89955-8c4b-4a63-8b45-d27a87cd8e5f,21d85284-201e-4c1a-8c40-03f6daeb3f48,2024-06-17T00:00:00.000Z
6e085471-19e3-4524-81c5-1ac63141f852,21d85284-201e-4c1a-8c40-03f6daeb3f48,2024-06-17T00:00:00.000Z
decfe82e-3226-46d1-9cfe-ceec6bee621f,a1630525-d7eb-48a5-b012-7983e85c1eac,2024-07-03T00:00:00.000Z
c8719bf1-98fa-4f35-ad78-229af1ac0286,a1630525-d7eb-48a5-b012-7983e85c1eac,2024-07-03T00:00:00.000Z
a7b277bb-c892-41d5-999a-7aa9896897a4,fb8a3b16-e2d1-4a3b-ab60-e9109d2e597d,2024-07-03T00:00:00.000Z
54eadec1-b246-4ea8-84dc-0e467e7eaf3b,fb8a3b16-e2d1-4a3b-ab60-e9109d2e597d,2024-07-03T00:00:00.000Z
0fccb7e5-15a5-4d5c-9307-e53a48883d0b,a053f7c8-d517-4d23-99fb-06f2c579bf7d,2024-07-03T00:00:00.000Z
7067ab9f-4f40-4ca5-a41d-9f802e557b21,a053f7c8-d517-4d23-99fb-06f2c579bf7d,2024-07-03T00:00:00.000Z
64a21af3-a999-4635-a5ab-4110b4c91973,8b684210-d164-40a0-b1d9-2634b4a124a0,2024-07-03T00:00:00.000Z
d26baaee-4a0d-4cea-861f-5cea424562f2,fb8a3b16-e2d1-4a3b-ab60-e9109d2e597d,2024-07-03T00:00:00.000Z
8f1eada1-4013-4d44-a384-82d97dc31adb,8b684210-d164-40a0-b1d9-2634b4a124a0,2024-07-03T00:00:00.000Z
af92bb90-eaaf-4088-99fb-3360b7e52a9d,b9f49065-c556-49c0-ac51-a28cf33dbced,2024-07-03T00:00:00.000Z
ddf271af-b163-47c9-a975-9ee7b06f8090,fb8a3b16-e2d1-4a3b-ab60-e9109d2e597d,2024-09-27T00:00:00.000Z
f0e2cb06-6831-44b5-85df-5f52b547fa0d,fb8a3b16-e2d1-4a3b-ab60-e9109d2e597d,2024-09-27T00:00:00.000Z
c835f768-b251-47b5-889e-c3a3ffc45020,fb8a3b16-e2d1-4a3b-ab60-e9109d2e597d,2024-09-27T00:00:00.000Z
72ec0075-94c2-47a7-acf9-0848a331fdd1,fb8a3b16-e2d1-4a3b-ab60-e9109d2e597d,2024-09-27T00:00:00.000Z
fd81d648-dc6d-4cdf-a856-8f271c972ca0,a1630525-d7eb-48a5-b012-7983e85c1eac,2024-09-27T00:00:00.000Z
6250b87a-9360-47f2-90f9-4d3ef8dbad13,a1630525-d7eb-48a5-b012-7983e85c1eac,2024-09-27T00:00:00.000Z
309a3969-051b-455b-afb1-26084e47cc5c,a1630525-d7eb-48a5-b012-7983e85c1eac,2024-09-27T00:00:00.000Z
ca0b7594-8fba-4643-a65d-49ff50bb34be,3163c4bd-9f0b-46f4-88dd-240a87cdc77f,2024-09-27T00:00:00.000Z
f24a45cd-12cb-4908-a3c7-d962e07bc689,171d639c-6928-49ee-b790-0f2d0fd59992,2024-09-27T00:00:00.000Z
e2772851-3fba-41ad-b6c4-8c81892276f3,93a0ecff-9c3d-4fa7-b768-abe2405b08b1,2024-09-27T00:00:00.000Z
05384750-e09c-49b7-b7a6-431eb72fa962,a053f7c8-d517-4d23-99fb-06f2c579bf7d,2024-09-27T00:00:00.000Z
8f6479b8-6e7b-4e90-b52f-6d43d45e6558,a053f7c8-d517-4d23-99fb-06f2c579bf7d,2024-09-27T00:00:00.000Z
174e1260-775d-4fca-afed-0fddeacb102a,a1630525-d7eb-48a5-b012-7983e85c1eac,2024-09-27T00:00:00.000Z
174164b6-408b-46be-b72c-5510cf25e3a2,fb8a3b16-e2d1-4a3b-ab60-e9109d2e597d,2024-09-27T00:00:00.000Z
7bc26ac0-4cf8-42b9-9cc6-51b1b0b34c68,a1630525-d7eb-48a5-b012-7983e85c1eac,2024-09-27T00:00:00.000Z
27fb567d-7439-4a69-9a6b-3675b7c3826b,a053f7c8-d517-4d23-99fb-06f2c579bf7d,2024-09-27T00:00:00.000Z
a61270bf-e1a1-4163-808f-8f5483aa1c7d,a1630525-d7eb-48a5-b012-7983e85c1eac,2024-10-08T00:00:00.000Z
570f8778-4227-4f67-b064-3d9b9369d1d8,3163c4bd-9f0b-46f4-88dd-240a87cdc77f,2024-10-08T00:00:00.000Z
ff84baf2-1824-4c7f-b2a9-8397d26e9ef6,3163c4bd-9f0b-46f4-88dd-240a87cdc77f,2024-10-08T00:00:00.000Z
474dfa78-86fd-4a23-8647-a3d4bd8574f5,3163c4bd-9f0b-46f4-88dd-240a87cdc77f,2024-10-08T00:00:00.000Z
8d8b47c5-cd50-47c9-9e7a-c06a05a6f3ae,ab1c2a78-87c1-4358-88bd-4fc2bf9462aa,2024-10-08T00:00:00.000Z
96cc0d8d-9e33-4b2f-826d-fbf88839c4b1,3163c4bd-9f0b-46f4-88dd-240a87cdc77f,2024-10-08T00:00:00.000Z
74d0df58-09aa-4db6-af50-c66368abc317,ab1c2a78-87c1-4358-88bd-4fc2bf9462aa,2024-10-08T00:00:00.000Z
9ffd2986-7392-48ac-9cc8-f30982e8031d,ab1c2a78-87c1-4358-88bd-4fc2bf9462aa,2024-10-08T00:00:00.000Z
3489dba2-4dac-4465-9be8-c787ae2ad941,fb8a3b16-e2d1-4a3b-ab60-e9109d2e597d,2024-10-08T00:00:00.000Z
d2ba8c13-4648-4983-b229-57a1abe869ae,a1630525-d7eb-48a5-b012-7983e85c1eac,2024-10-08T00:00:00.000Z
cf627c2d-aed0-489f-aa79-8d8a7b050d68,32a32ffe-452e-4696-a7ff-20a99e17a8fa,2024-10-08T00:00:00.000Z
0f83e3eb-d71e-47f6-b566-bee2ab11ef64,32a32ffe-452e-4696-a7ff-20a99e17a8fa,2024-10-08T00:00:00.000Z
36f82826-3e55-4768-a4b5-7c77d7a64930,32a32ffe-452e-4696-a7ff-20a99e17a8fa,2024-10-08T00:00:00.000Z
f2cbb601-91bb-4f29-9e58-b06462e2d243,32a32ffe-452e-4696-a7ff-20a99e17a8fa,2024-10-08T00:00:00.000Z
a4137c48-c500-47c1-a313-949f10d956d7,32a32ffe-452e-4696-a7ff-20a99e17a8fa,2024-10-08T00:00:00.000Z
4d72338a-69e2-4673-8146-1ae8af9a1fb7,32a32ffe-452e-4696-a7ff-20a99e17a8fa,2024-10-08T00:00:00.000Z
b813642d-9a43-4bac-8c76-52b47b61c01c,8b684210-d164-40a0-b1d9-2634b4a124a0,2024-10-08T00:00:00.000Z
93daa0cb-548d-4d13-9323-0e17c952aa83,b9f49065-c556-49c0-ac51-a28cf33dbced,2024-10-08T00:00:00.000Z
96a82a50-6c73-461a-9c7c-510d5e9efabf,b9f49065-c556-49c0-ac51-a28cf33dbced,2024-10-08T00:00:00.000Z
515873f8-063c-42e3-bf14-a743a12efd1a,b9f49065-c556-49c0-ac51-a28cf33dbced,2024-10-08T00:00:00.000Z
0199004f-f764-45d8-988f-960cc22a80e3,b9f49065-c556-49c0-ac51-a28cf33dbced,2024-10-08T00:00:00.000Z
3a4296c0-bff0-49d0-b1b2-168a6c3320a5,a1630525-d7eb-48a5-b012-7983e85c1eac,2024-10-08T00:00:00.000Z
73425723-e00d-4bda-bcc3-efc9b02394be,b9f49065-c556-49c0-ac51-a28cf33dbced,2024-10-08T00:00:00.000Z
64d3a920-0157-4e78-a34d-b0efbbefdbc9,3163c4bd-9f0b-46f4-88dd-240a87cdc77f,2024-11-15T00:00:00.000Z
026ed6e3-9d21-47de-9341-362ef6ad69c4,ab1c2a78-87c1-4358-88bd-4fc2bf9462aa,2024-11-15T00:00:00.000Z
69e3f133-2b8e-40fb-a1af-990f31030ecc,3163c4bd-9f0b-46f4-88dd-240a87cdc77f,2024-11-15T00:00:00.000Z
1f128e90-a567-44ec-b3d1-c419ff5978df,3163c4bd-9f0b-46f4-88dd-240a87cdc77f,2024-11-15T00:00:00.000Z
773297f1-b1c7-4dae-a26b-5b33e54cfb16,ab1c2a78-87c1-4358-88bd-4fc2bf9462aa,2024-11-15T00:00:00.000Z
4257d651-9baa-4c8a-9e23-12e62277b258,3163c4bd-9f0b-46f4-88dd-240a87cdc77f,2024-11-15T00:00:00.000Z
19d3de0c-b34c-4e3c-a41f-177a03c11e5e,fb8a3b16-e2d1-4a3b-ab60-e9109d2e597d,2024-12-19T00:00:00.000Z
beda3853-aaac-4b88-8d7b-4cd6c14fef79,fb8a3b16-e2d1-4a3b-ab60-e9109d2e597d,2024-12-19T00:00:00.000Z
a5755233-0b78-4987-b21d-b765735e6f87,fb8a3b16-e2d1-4a3b-ab60-e9109d2e597d,2024-12-19T00:00:00.000Z
dab52774-43da-4e69-b960-8de8781cddf1,a1630525-d7eb-48a5-b012-7983e85c1eac,2024-12-19T00:00:00.000Z
6483351d-d36f-4780-a5fa-2c68aee7e192,171d639c-6928-49ee-b790-0f2d0fd59992,2024-12-19T00:00:00.000Z
6c3c659d-59d9-468a-a119-92e57c93e0f2,171d639c-6928-49ee-b790-0f2d0fd59992,2024-12-19T00:00:00.000Z
b1053248-943a-4d1d-9d24-3f66afb5180b,93a0ecff-9c3d-4fa7-b768-abe2405b08b1,2024-12-19T00:00:00.000Z
4e40fc3b-2aa7-4130-b560-a849ea7c307c,93a0ecff-9c3d-4fa7-b768-abe2405b08b1,2024-12-19T00:00:00.000Z
041c8f8c-80e7-439e-a5ec-3191a2b508e3,a053f7c8-d517-4d23-99fb-06f2c579bf7d,2024-12-19T00:00:00.000Z
c189738f-9db3-4d86-b400-34408e52535f,fb8a3b16-e2d1-4a3b-ab60-e9109d2e597d,2024-12-19T00:00:00.000Z
cb286351-e4b9-45eb-ae4c-9bcf8c73296a,fb8a3b16-e2d1-4a3b-ab60-e9109d2e597d,2024-12-19T00:00:00.000Z
190f39e7-f5bf-4877-a1a2-de0136f96576,a1630525-d7eb-48a5-b012-7983e85c1eac,2024-12-19T00:00:00.000Z
bba1673c-66d9-4ae6-91ef-44160df40af1,a1630525-d7eb-48a5-b012-7983e85c1eac,2024-12-19T00:00:00.000Z
2da6ca4e-d94d-4397-8198-0d6032910c79,ab1c2a78-87c1-4358-88bd-4fc2bf9462aa,2024-12-19T00:00:00.000Z
5d0f73ec-354e-4145-b88e-46ae3453598f,21d85284-201e-4c1a-8c40-03f6daeb3f48,2025-02-20T00:00:00.000Z
c7564ad9-c5a6-42d2-845d-0472569caa28,fb8a3b16-e2d1-4a3b-ab60-e9109d2e597d,2025-03-06T00:00:00.000Z
6446bf0c-66ae-4d26-8251-25d3de5ab76c,fb8a3b16-e2d1-4a3b-ab60-e9109d2e597d,2025-03-06T00:00:00.000Z
c490b1fa-eff7-4d3e-a325-915c19b20623,fb8a3b16-e2d1-4a3b-ab60-e9109d2e597d,2025-03-06T00:00:00.000Z
e4219265-490e-4c61-988e-c9518ac59a17,fb8a3b16-e2d1-4a3b-ab60-e9109d2e597d,2025-03-06T00:00:00.000Z
fa1911a9-8e22-4319-922f-1c076409723e,fb8a3b16-e2d1-4a3b-ab60-e9109d2e597d,2025-03-06T00:00:00.000Z
4e9592cd-0915-4060-aec2-592c436e9cf4,a1630525-d7eb-48a5-b012-7983e85c1eac,2025-03-06T00:00:00.000Z
c3d36b46-671c-4d17-9956-26afdca1be96,b9f49065-c556-49c0-ac51-a28cf33dbced,2025-03-06T00:00:00.000Z
bb3cbd3c-15aa-4d8c-87e8-e9ec9ffaabee,fb8a3b16-e2d1-4a3b-ab60-e9109d2e597d,2025-03-19T00:00:00.000Z
6dee1cc5-7265-4688-8aab-14a04597947b,fb8a3b16-e2d1-4a3b-ab60-e9109d2e597d,2025-03-19T00:00:00.000Z
c5b3a3e4-d432-4833-a205-a70bf90fdb89,fb8a3b16-e2d1-4a3b-ab60-e9109d2e597d,2025-03-19T00:00:00.000Z
d41e5af0-b0ba-4fcd-875b-c0c479c26cf8,fb8a3b16-e2d1-4a3b-ab60-e9109d2e597d,2025-03-19T00:00:00.000Z
8ff5fce2-3979-4643-aa04-747e62ee9855,fb8a3b16-e2d1-4a3b-ab60-e9109d2e597d,2025-03-19T00:00:00.000Z
3482b4e6-f110-4a14-bde2-e709d8d9a65f,fb8a3b16-e2d1-4a3b-ab60-e9109d2e597d,2025-03-19T00:00:00.000Z
4f8abeb0-ea51-415e-b63a-738b05b611d7,a1630525-d7eb-48a5-b012-7983e85c1eac,2025-03-19T00:00:00.000Z
b95c5eec-a847-4308-8a42-fa3460018654,a1630525-d7eb-48a5-b012-7983e85c1eac,2025-03-19T00:00:00.000Z
5a8858db-6002-4a4d-af6f-75fb7acc37d0,a1630525-d7eb-48a5-b012-7983e85c1eac,2025-03-19T00:00:00.000Z
aa7df541-6be3-4b02-b8c9-c190ec8b7b1f,a1630525-d7eb-48a5-b012-7983e85c1eac,2025-03-19T00:00:00.000Z
84e3f7ba-ceb7-411a-aba7-9a62a7a35095,a1630525-d7eb-48a5-b012-7983e85c1eac,2025-03-19T00:00:00.000Z
966b0b50-39e6-479a-8d56-db54b03026d2,a1630525-d7eb-48a5-b012-7983e85c1eac,2025-03-19T00:00:00.000Z
b03c7c82-6b3a-4ec7-9a14-391150330f41,a1630525-d7eb-48a5-b012-7983e85c1eac,2025-03-19T00:00:00.000Z
15a5ffef-b359-48e2-9e62-6993c640bb0c,a1630525-d7eb-48a5-b012-7983e85c1eac,2025-03-19T00:00:00.000Z
574e1346-d597-44b3-a3a6-9215507c33ac,a1630525-d7eb-48a5-b012-7983e85c1eac,2025-03-19T00:00:00.000Z
8e6801fc-0adb-4bbb-8dd2-8884bc6da5f7,a1630525-d7eb-48a5-b012-7983e85c1eac,2025-03-19T00:00:00.000Z
95360055-21fd-40e0-8e1b-ea5423913a39,93a0ecff-9c3d-4fa7-b768-abe2405b08b1,2025-03-19T00:00:00.000Z
f1f03023-79d0-4806-bb65-e6780de3abf5,93a0ecff-9c3d-4fa7-b768-abe2405b08b1,2025-03-19T00:00:00.000Z
68a95b84-1efd-4c21-a352-be16a903f71d,a1630525-d7eb-48a5-b012-7983e85c1eac,2025-03-19T00:00:00.000Z
2a2fee1e-524d-4b49-a6ce-58c8150c9024,171d639c-6928-49ee-b790-0f2d0fd59992,2025-03-19T00:00:00.000Z
8009d057-255d-4f90-b417-198645310281,fb8a3b16-e2d1-4a3b-ab60-e9109d2e597d,2025-03-19T00:00:00.000Z
a0879d6c-4197-4765-b505-b2e39e5b7a04,8b684210-d164-40a0-b1d9-2634b4a124a0,2025-03-19T00:00:00.000Z
d277a3ac-44fd-448b-b7c5-f630109bbc3a,8b684210-d164-40a0-b1d9-2634b4a124a0,2025-03-19T00:00:00.000Z
8be9c86f-11ef-4f8b-a463-8ff165e9d2de,fb8a3b16-e2d1-4a3b-ab60-e9109d2e597d,2025-03-19T00:00:00.000Z
375542e8-9271-4f3c-abfa-64aa8765bded,8b684210-d164-40a0-b1d9-2634b4a124a0,2025-03-19T00:00:00.000Z
f49f583c-95c8-44f0-923e-40c843fa9393,8b684210-d164-40a0-b1d9-2634b4a124a0,2025-03-19T00:00:00.000Z
e9f0e9a7-44bb-4736-beb0-efe66f3ae869,b9f49065-c556-49c0-ac51-a28cf33dbced,2025-03-19T00:00:00.000Z
fd428601-8f9d-497e-93f6-50b876a06853,b9f49065-c556-49c0-ac51-a28cf33dbced,2025-03-19T00:00:00.000Z
4ef7a307-020d-4f65-8aff-292d4ae07bd9,a1630525-d7eb-48a5-b012-7983e85c1eac,2025-03-19T00:00:00.000Z
0398a4af-f6f9-45eb-bfe1-9ce57ecd2259,b9f49065-c556-49c0-ac51-a28cf33dbced,2025-03-19T00:00:00.000Z
40b85bdc-f53c-4082-a926-41aa8b1c3a1d,b9f49065-c556-49c0-ac51-a28cf33dbced,2025-03-19T00:00:00.000Z
3f21ccb1-8b74-4026-bd1b-15ade532a064,b9f49065-c556-49c0-ac51-a28cf33dbced,2025-03-19T00:00:00.000Z
f8352024-ed51-41a2-b8c1-5e0cef26f604,21d85284-201e-4c1a-8c40-03f6daeb3f48,2025-04-30T00:00:00.000Z
d0ffc282-574f-4b19-b0a4-1766d601f1ca,21d85284-201e-4c1a-8c40-03f6daeb3f48,2025-04-30T00:00:00.000Z
ac9ab32b-f880-4c2b-be55-17eccc531c5b,21d85284-201e-4c1a-8c40-03f6daeb3f48,2025-04-30T00:00:00.000Z
dc6acab4-fa07-48b4-b932-79b6d5505042,b9f49065-c556-49c0-ac51-a28cf33dbced,2025-04-30T00:00:00.000Z
136eeb70-4906-47d3-8572-04c687d9aafc,21d85284-201e-4c1a-8c40-03f6daeb3f48,2025-05-26T00:00:00.000Z
0a0f59d7-9820-4a3f-8433-9c42c2875b7a,a053f7c8-d517-4d23-99fb-06f2c579bf7d,2025-05-26T00:00:00.000Z
227f2291-169a-4470-a921-6eea1affc654,a1630525-d7eb-48a5-b012-7983e85c1eac,2025-05-26T00:00:00.000Z
607ea65c-aa64-4ea5-b721-6f1ec5cbc644,b9f49065-c556-49c0-ac51-a28cf33dbced,2025-05-26T00:00:00.000Z
f1da7c6d-a4a8-4a35-a6cf-e77328f3303b,21d85284-201e-4c1a-8c40-03f6daeb3f48,2025-07-24T00:00:00.000Z
d7868763-813d-496f-830e-0da3c922883f,21d85284-201e-4c1a-8c40-03f6daeb3f48,2025-07-24T00:00:00.000Z
b89d5045-c18a-4036-98de-57ef229447f7,21d85284-201e-4c1a-8c40-03f6daeb3f48,2025-07-24T00:00:00.000Z
f9d68c33-0b43-428c-a2ca-c94ea8c6dc3e,21d85284-201e-4c1a-8c40-03f6daeb3f48,2025-07-24T00:00:00.000Z
ef0452c8-4378-4ab3-bfe4-0b7841a0eac4,21d85284-201e-4c1a-8c40-03f6daeb3f48,2025-07-24T00:00:00.000Z
c6fa7244-7bad-4798-b62d-c626354d138f,21d85284-201e-4c1a-8c40-03f6daeb3f48,2025-07-24T00:00:00.000Z
27b5a3d3-f4d2-41e5-b2c2-895c606bc4af,fb8a3b16-e2d1-4a3b-ab60-e9109d2e597d,2025-07-24T00:00:00.000Z
ba53a69c-6553-4179-b2cc-ba2d99b6fb77,a1630525-d7eb-48a5-b012-7983e85c1eac,2025-07-24T00:00:00.000Z
f93311bb-9567-4f90-b9fd-deb8af6d72ae,93a0ecff-9c3d-4fa7-b768-abe2405b08b1,2025-07-24T00:00:00.000Z
b3a9ec89-e640-4623-bd22-65c7db8e4631,b9f49065-c556-49c0-ac51-a28cf33dbced,2025-07-24T00:00:00.000Z
d7179f08-ba62-4290-b42c-cdae448102a2,21d85284-201e-4c1a-8c40-03f6daeb3f48,2025-09-05T00:00:00.000Z
5b5aac65-7e9f-4175-bfad-70841261c750,fb8a3b16-e2d1-4a3b-ab60-e9109d2e597d,2025-09-05T00:00:00.000Z
07de945d-a761-4221-afc8-7674c1219b9c,b9f49065-c556-49c0-ac51-a28cf33dbced,2025-09-05T00:00:00.000Z
ccee91a1-17c4-4de1-93df-09a57adcbd2f,b9f49065-c556-49c0-ac51-a28cf33dbced,2025-09-11T00:00:00.000Z
0b2b76bf-36cc-44b3-87b9-de72d0639f84,fb8a3b16-e2d1-4a3b-ab60-e9109d2e597d,2025-09-26T00:00:00.000Z
9b0851d0-2452-43ab-b06c-2303d9c5296d,fb8a3b16-e2d1-4a3b-ab60-e9109d2e597d,2025-09-26T00:00:00.000Z
1fa344a7-26d2-43a7-88be-f457354ee270,fb8a3b16-e2d1-4a3b-ab60-e9109d2e597d,2025-09-26T00:00:00.000Z
205f723b-04ac-492e-88ff-86a8131093d2,fb8a3b16-e2d1-4a3b-ab60-e9109d2e597d,2025-09-26T00:00:00.000Z
3acd2f42-200a-4315-ace3-52d47cc3ab02,a1630525-d7eb-48a5-b012-7983e85c1eac,2025-09-26T00:00:00.000Z
0e865e45-b2d3-423b-abed-c0320ea8ef9a,a1630525-d7eb-48a5-b012-7983e85c1eac,2025-09-26T00:00:00.000Z
058fba33-47ba-4741-85fe-d21c2e7c4a23,a1630525-d7eb-48a5-b012-7983e85c1eac,2025-09-26T00:00:00.000Z
b4cf1fbb-bbc3-42e4-adea-5986fd8b92a7,a1630525-d7eb-48a5-b012-7983e85c1eac,2025-09-26T00:00:00.000Z
bfb23bc4-d487-4935-98a8-af4b09dc2fd5,a1630525-d7eb-48a5-b012-7983e85c1eac,2025-09-26T00:00:00.000Z
4f9adb8b-1d44-4e35-a1d4-07093e223dae,171d639c-6928-49ee-b790-0f2d0fd59992,2025-09-26T00:00:00.000Z
a38e2268-26e5-4b83-82ed-9234e94b0afa,171d639c-6928-49ee-b790-0f2d0fd59992,2025-09-26T00:00:00.000Z
06e3aa1a-7851-4fcb-94d0-552b04e45d7a,a053f7c8-d517-4d23-99fb-06f2c579bf7d,2025-09-26T00:00:00.000Z
92b67bc4-4d58-43e1-bc84-69c4cd578572,a053f7c8-d517-4d23-99fb-06f2c579bf7d,2025-09-26T00:00:00.000Z
a1a108aa-41cf-4a68-a02e-6d21b2430f49,a053f7c8-d517-4d23-99fb-06f2c579bf7d,2025-09-26T00:00:00.000Z
7980a2c1-2410-4640-b70d-7014500b56c6,fb8a3b16-e2d1-4a3b-ab60-e9109d2e597d,2025-09-26T00:00:00.000Z
942b6641-ef53-47d8-b0b5-e11db8058fd1,93a0ecff-9c3d-4fa7-b768-abe2405b08b1,2025-09-26T00:00:00.000Z
aa41de9f-8703-460e-82e0-3a14d655dd07,a053f7c8-d517-4d23-99fb-06f2c579bf7d,2025-09-26T00:00:00.000Z
1d7bfad0-d893-4c50-abc9-fb72e05f5765,b9f49065-c556-49c0-ac51-a28cf33dbced,2025-09-26T00:00:00.000Z
4532384d-343a-4ee6-9091-45808ddf0c59,32a32ffe-452e-4696-a7ff-20a99e17a8fa,2025-10-08T00:00:00.000Z
2e655f22-fa52-4114-bfe7-469ada4a9c8c,32a32ffe-452e-4696-a7ff-20a99e17a8fa,2025-10-08T00:00:00.000Z
0c05e4dd-00b9-4a97-8469-cd388c356ef8,32a32ffe-452e-4696-a7ff-20a99e17a8fa,2025-10-08T00:00:00.000Z
2b4c7a64-2599-4982-8268-63708149900c,32a32ffe-452e-4696-a7ff-20a99e17a8fa,2025-10-08T00:00:00.000Z
a4c56a13-8265-451f-81c5-a8ed8f05c93c,32a32ffe-452e-4696-a7ff-20a99e17a8fa,2025-10-08T00:00:00.000Z
9f8c0cd5-ce54-4cc8-9297-a14bc680e5e8,32a32ffe-452e-4696-a7ff-20a99e17a8fa,2025-10-08T00:00:00.000Z
6b3a3bcf-9353-4caf-b417-ab4c41433f4f,8b684210-d164-40a0-b1d9-2634b4a124a0,2025-10-08T00:00:00.000Z
b6ff6d00-84fa-4363-beca-b831166d6729,8b684210-d164-40a0-b1d9-2634b4a124a0,2025-10-08T00:00:00.000Z
52716914-99c3-428d-801c-5f83259f1db1,8b684210-d164-40a0-b1d9-2634b4a124a0,2025-10-08T00:00:00.000Z
5bcc39d3-0c25-49a9-81a4-adb4f6b38534,8b684210-d164-40a0-b1d9-2634b4a124a0,2025-10-08T00:00:00.000Z
82330517-af9b-4ad2-a10a-493859e2770e,8b684210-d164-40a0-b1d9-2634b4a124a0,2025-10-08T00:00:00.000Z
65eef89e-4eef-4262-9670-4f316bd0c4f4,8b684210-d164-40a0-b1d9-2634b4a124a0,2025-10-08T00:00:00.000Z
904e595d-fceb-47a8-a4ee-0f7dddd055a0,fb8a3b16-e2d1-4a3b-ab60-e9109d2e597d,2025-12-01T00:00:00.000Z
91e27c83-7cc0-41c7-b3b6-4213cc148c95,b9f49065-c556-49c0-ac51-a28cf33dbced,2025-12-01T00:00:00.000Z
174f4808-cfdc-4ceb-ba94-ee85fd8fd534,fb8a3b16-e2d1-4a3b-ab60-e9109d2e597d,2025-12-18T00:00:00.000Z
77da910e-d416-4ce8-a922-35b088cd8a28,fb8a3b16-e2d1-4a3b-ab60-e9109d2e597d,2025-12-18T00:00:00.000Z
b9c40994-8649-4dcc-a18b-165cfa56cb78,d1b1820a-c7f6-4b80-a3de-f34556bd43ce,2025-12-18T00:00:00.000Z
4baabea2-c561-4893-bccd-e8f5b2d5fcec,3163c4bd-9f0b-46f4-88dd-240a87cdc77f,2025-12-18T00:00:00.000Z
3258e451-a507-4d2d-a423-5c599f3f15f3,3163c4bd-9f0b-46f4-88dd-240a87cdc77f,2025-12-18T00:00:00.000Z
f3625c19-bb0f-4f27-b146-c9ca03830a41,ab1c2a78-87c1-4358-88bd-4fc2bf9462aa,2025-12-18T00:00:00.000Z
2e8e4555-4f5d-4960-b8f5-ba5b7df7997e,3163c4bd-9f0b-46f4-88dd-240a87cdc77f,2025-12-18T00:00:00.000Z
a43ac072-1434-4d19-af60-812cdba26b83,ab1c2a78-87c1-4358-88bd-4fc2bf9462aa,2025-12-18T00:00:00.000Z
d3ad3036-934f-4fc3-bcb2-2c1e41f6114e,ab1c2a78-87c1-4358-88bd-4fc2bf9462aa,2025-12-18T00:00:00.000Z
0bd9e005-bfa5-428e-9d62-e34594875848,93a0ecff-9c3d-4fa7-b768-abe2405b08b1,2025-12-18T00:00:00.000Z
243438bd-4e99-49c1-8214-b3f4eb2bdbf4,ab1c2a78-87c1-4358-88bd-4fc2bf9462aa,2025-12-18T00:00:00.000Z
1ee32495-08f7-434b-b313-f325877bae46,fb8a3b16-e2d1-4a3b-ab60-e9109d2e597d,2025-12-18T00:00:00.000Z
06654cdd-1b46-4f22-a7bb-5e729d16a66d,fb8a3b16-e2d1-4a3b-ab60-e9109d2e597d,2025-12-18T00:00:00.000Z
f40b0fe5-e5d4-4f46-9d7a-9a8fd85cfb44,fb8a3b16-e2d1-4a3b-ab60-e9109d2e597d,2025-12-18T00:00:00.000Z
e8db3671-4271-4be1-b224-74e84bc68f41,fb8a3b16-e2d1-4a3b-ab60-e9109d2e597d,2025-12-18T00:00:00.000Z
ae8e95ca-3541-4dfb-8e13-20ef0f86b942,fb8a3b16-e2d1-4a3b-ab60-e9109d2e597d,2025-12-18T00:00:00.000Z
6b5d12b7-26f9-4b90-9dcb-ad10a8638cdb,a1630525-d7eb-48a5-b012-7983e85c1eac,2025-12-18T00:00:00.000Z
ba75001a-5e00-47cc-bcd8-b948e1be6541,a1630525-d7eb-48a5-b012-7983e85c1eac,2025-12-18T00:00:00.000Z
700a764e-906a-4cc9-b776-e7c364a6e4cc,93a0ecff-9c3d-4fa7-b768-abe2405b08b1,2025-12-18T00:00:00.000Z
beeed1f8-0784-4791-90ff-b9ef14d4b4e9,93a0ecff-9c3d-4fa7-b768-abe2405b08b1,2025-12-18T00:00:00.000Z
a96d2628-ce4a-4366-9461-6f882096494b,a053f7c8-d517-4d23-99fb-06f2c579bf7d,2025-12-18T00:00:00.000Z
1fb3300f-1341-48b4-a68c-fd3146f748d9,b9f49065-c556-49c0-ac51-a28cf33dbced,2025-12-18T00:00:00.000Z
33e364aa-2424-4598-b033-fb97727e4a18,fb8a3b16-e2d1-4a3b-ab60-e9109d2e597d,2026-01-19T00:00:00.000Z
f5f1ede6-ff6f-4a3c-b982-84444b03c025,21d85284-201e-4c1a-8c40-03f6daeb3f48,2026-02-19T00:00:00.000Z
190cbf0a-5ce1-46a7-a9a8-497e7ded924d,fb8a3b16-e2d1-4a3b-ab60-e9109d2e597d,2026-03-04T00:00:00.000Z
fc75fd54-bdfd-447b-8403-bb779911d33e,fb8a3b16-e2d1-4a3b-ab60-e9109d2e597d,2026-03-04T00:00:00.000Z
080cd7a5-cf07-4beb-ae21-a7e5f39755d9,fb8a3b16-e2d1-4a3b-ab60-e9109d2e597d,2026-03-04T00:00:00.000Z
7630549c-d831-4af3-8a04-d643091e264d,fb8a3b16-e2d1-4a3b-ab60-e9109d2e597d,2026-03-04T00:00:00.000Z
8332d1e6-9a93-484c-a9b1-efc4954f9333,fb8a3b16-e2d1-4a3b-ab60-e9109d2e597d,2026-03-04T00:00:00.000Z
a7b467f3-1393-4839-aacb-3e5273b5d429,a1630525-d7eb-48a5-b012-7983e85c1eac,2026-03-04T00:00:00.000Z
01296f9a-4897-457d-ad48-c94d3f43afbc,a1630525-d7eb-48a5-b012-7983e85c1eac,2026-03-04T00:00:00.000Z
481370ab-502c-4efa-a760-bb510828f515,fb8a3b16-e2d1-4a3b-ab60-e9109d2e597d,2026-03-18T00:00:00.000Z
f9db8696-511f-4b1a-8b98-0b4cf6e01965,fb8a3b16-e2d1-4a3b-ab60-e9109d2e597d,2026-03-18T00:00:00.000Z
b59fdb3d-577b-40bf-9350-359acdb8434c,fb8a3b16-e2d1-4a3b-ab60-e9109d2e597d,2026-03-18T00:00:00.000Z
c1de6b24-344f-4c57-803b-9c5de52a870e,fb8a3b16-e2d1-4a3b-ab60-e9109d2e597d,2026-03-18T00:00:00.000Z
5b31ff8b-81ae-444a-84b6-6a7673be6667,fb8a3b16-e2d1-4a3b-ab60-e9109d2e597d,2026-03-18T00:00:00.000Z
98c8ed0d-ad6e-4358-9397-c638404c3945,fb8a3b16-e2d1-4a3b-ab60-e9109d2e597d,2026-03-18T00:00:00.000Z
5d59295e-7095-42a9-8804-dc3903119301,a1630525-d7eb-48a5-b012-7983e85c1eac,2026-03-18T00:00:00.000Z
2bfa2aaa-f33f-447f-acd9-92703594b8b8,a1630525-d7eb-48a5-b012-7983e85c1eac,2026-03-18T00:00:00.000Z
9704886b-aeb7-4c62-a6b3-e66659042443,a1630525-d7eb-48a5-b012-7983e85c1eac,2026-03-18T00:00:00.000Z
f2ecb776-61d3-4b07-8f9e-9563b9793409,a1630525-d7eb-48a5-b012-7983e85c1eac,2026-03-18T00:00:00.000Z
9d573fd6-6464-4f9d-af08-54633f2dd713,a1630525-d7eb-48a5-b012-7983e85c1eac,2026-03-18T00:00:00.000Z
b556a78e-6b7d-4e34-bcf3-45fb3e30e4fe,a1630525-d7eb-48a5-b012-7983e85c1eac,2026-03-18T00:00:00.000Z
379361ac-578d-4e8a-b1e6-dab922870991,d1b1820a-c7f6-4b80-a3de-f34556bd43ce,2026-03-18T00:00:00.000Z
cad55fa5-7ec6-451a-9849-1ab634a56aef,93a0ecff-9c3d-4fa7-b768-abe2405b08b1,2026-03-18T00:00:00.000Z
e1e2ca62-1fd3-4903-bd9b-b2ab2f9948e2,93a0ecff-9c3d-4fa7-b768-abe2405b08b1,2026-03-18T00:00:00.000Z
79838b1d-f4bd-4608-97e2-3d649197e221,a053f7c8-d517-4d23-99fb-06f2c579bf7d,2026-03-18T00:00:00.000Z
b7415b4c-f183-4939-a849-28424bb88606,a053f7c8-d517-4d23-99fb-06f2c579bf7d,2026-03-18T00:00:00.000Z
1487b296-6f14-498c-947d-678b8a806feb,a1630525-d7eb-48a5-b012-7983e85c1eac,2026-03-18T00:00:00.000Z
d7d5946a-8bbf-4a77-a364-86dee824d839,a053f7c8-d517-4d23-99fb-06f2c579bf7d,2026-03-18T00:00:00.000Z
df235c85-c3a6-420c-9881-d7d9188b9673,a053f7c8-d517-4d23-99fb-06f2c579bf7d,2026-03-18T00:00:00.000Z
09dc58c1-78e2-4879-9a2d-7fb8b4eb31d0,b9f49065-c556-49c0-ac51-a28cf33dbced,2026-03-18T00:00:00.000Z
b9f739af-a4ea-44c0-9e9f-f6e438855593,b9f49065-c556-49c0-ac51-a28cf33dbced,2026-03-18T00:00:00.000Z
3a9a3842-c5cb-40b8-b451-619974322d7b,b9f49065-c556-49c0-ac51-a28cf33dbced,2026-03-18T00:00:00.000Z
49707a68-c5de-48e2-9e1a-5d8336be7961,21d85284-201e-4c1a-8c40-03f6daeb3f48,2026-05-29T00:00:00.000Z
b507f074-c3f6-458c-954d-b25942cea4c0,21d85284-201e-4c1a-8c40-03f6daeb3f48,2026-05-29T00:00:00.000Z
9ed92d47-14ee-447c-b072-1ae871cd5d1a,21d85284-201e-4c1a-8c40-03f6daeb3f48,2026-05-29T00:00:00.000Z
10b080b1-cd81-467c-9422-be33dc951f86,93a0ecff-9c3d-4fa7-b768-abe2405b08b1,2026-05-29T00:00:00.000Z
2d08365d-c019-4785-8baf-0776cfbb36b9,fb8a3b16-e2d1-4a3b-ab60-e9109d2e597d,2026-06-12T00:00:00.000Z
839da893-1f28-4b62-9e40-44758793d7f8,fb8a3b16-e2d1-4a3b-ab60-e9109d2e597d,2026-07-01T00:00:00.000Z
12d075a3-85dc-4b42-8b40-047e57e53d14,a1630525-d7eb-48a5-b012-7983e85c1eac,2026-07-01T00:00:00.000Z
e19a294a-f7de-43ea-ac3a-8875d411b40d,a1630525-d7eb-48a5-b012-7983e85c1eac,2026-07-01T00:00:00.000Z
275d2e64-94d0-444c-ba52-6a923363cc01,171d639c-6928-49ee-b790-0f2d0fd59992,2026-07-01T00:00:00.000Z
e06622a9-b5a5-45bb-b0ad-cb036ba18e88,93a0ecff-9c3d-4fa7-b768-abe2405b08b1,2026-07-01T00:00:00.000Z
3ae48497-6993-41e2-b959-8cfd16b911da,a053f7c8-d517-4d23-99fb-06f2c579bf7d,2026-07-01T00:00:00.000Z
c7ad1762-d16f-4b4f-9b02-c03a2d14808f,a053f7c8-d517-4d23-99fb-06f2c579bf7d,2026-07-01T00:00:00.000Z
f4ef4b0d-9e86-422c-9602-090730dd8af5,a053f7c8-d517-4d23-99fb-06f2c579bf7d,2026-07-01T00:00:00.000Z
d9cd85e2-727c-4cf9-a9da-6334f1613969,a053f7c8-d517-4d23-99fb-06f2c579bf7d,2026-07-01T00:00:00.000Z
ee921929-2b62-457f-9efb-4816747e9ee4,a053f7c8-d517-4d23-99fb-06f2c579bf7d,2026-07-01T00:00:00.000Z
5b425ed5-2b93-4a70-865e-418960f893c9,a053f7c8-d517-4d23-99fb-06f2c579bf7d,2026-07-01T00:00:00.000Z
ae473bd1-9edf-427d-a490-a8c9b437db1d,a053f7c8-d517-4d23-99fb-06f2c579bf7d,2026-07-01T00:00:00.000Z
896d5992-2665-45bd-b5e3-bbf1ee3d32fb,a053f7c8-d517-4d23-99fb-06f2c579bf7d,2026-07-01T00:00:00.000Z
c0cb64d9-3700-4589-b8be-6546ea11b52f,a053f7c8-d517-4d23-99fb-06f2c579bf7d,2026-07-01T00:00:00.000Z
55063e14-f58d-4422-b709-7aa3d6b38b49,a053f7c8-d517-4d23-99fb-06f2c579bf7d,2026-07-01T00:00:00.000Z
5ca07fc3-976f-415e-bc86-01b3c9edce95,a053f7c8-d517-4d23-99fb-06f2c579bf7d,2026-07-01T00:00:00.000Z
e5f1d7ad-879b-4f75-b202-e8d8e382b316,a053f7c8-d517-4d23-99fb-06f2c579bf7d,2026-07-01T00:00:00.000Z
59439868-375b-4f58-bacf-65bed27f8659,a053f7c8-d517-4d23-99fb-06f2c579bf7d,2026-07-01T00:00:00.000Z
d3ce4cd1-4ed0-4eae-8c27-19f4bdd30dad,a053f7c8-d517-4d23-99fb-06f2c579bf7d,2026-07-01T00:00:00.000Z
43ab2cd5-4783-4215-b26b-1dc83acff5a2,a053f7c8-d517-4d23-99fb-06f2c579bf7d,2026-07-01T00:00:00.000Z
89c0f3f5-2c2d-4c46-8427-6cb5930782ab,fb8a3b16-e2d1-4a3b-ab60-e9109d2e597d,2026-07-01T00:00:00.000Z
14b790b1-470e-491c-8c9d-b493fe751ec4,8b684210-d164-40a0-b1d9-2634b4a124a0,2026-07-01T00:00:00.000Z
9b147563-bcbf-4025-a6fb-4f60f7580385,a1630525-d7eb-48a5-b012-7983e85c1eac,2026-07-01T00:00:00.000Z
